-- phpMyAdmin SQL Dump
-- version 4.3.11
-- http://www.phpmyadmin.net
--
-- Servidor: 127.0.0.1
-- Tiempo de generación: 23-01-2017 a las 07:58:11
-- Versión del servidor: 5.6.24
-- Versión de PHP: 5.6.8

SET SQL_MODE = "NO_AUTO_VALUE_ON_ZERO";
SET time_zone = "+00:00";


/*!40101 SET @OLD_CHARACTER_SET_CLIENT=@@CHARACTER_SET_CLIENT */;
/*!40101 SET @OLD_CHARACTER_SET_RESULTS=@@CHARACTER_SET_RESULTS */;
/*!40101 SET @OLD_COLLATION_CONNECTION=@@COLLATION_CONNECTION */;
/*!40101 SET NAMES utf8 */;

--
-- Base de datos: `bd_clinica`
--

-- --------------------------------------------------------

--
-- Estructura de tabla para la tabla `bloques`
--

CREATE TABLE IF NOT EXISTS `bloques` (
  `idbloques` varchar(12) NOT NULL,
  `hora_inicio` int(11) NOT NULL,
  `dia` varchar(15) NOT NULL,
  `medicos_dni` char(8) NOT NULL,
  `estado` varchar(45) NOT NULL
) ENGINE=InnoDB DEFAULT CHARSET=latin1;

--
-- Volcado de datos para la tabla `bloques`
--

INSERT INTO `bloques` (`idbloques`, `hora_inicio`, `dia`, `medicos_dni`, `estado`) VALUES
('11186321Do00', 0, 'Domingo', '11186321', '0'),
('11186321Do01', 1, 'Domingo', '11186321', '1'),
('11186321Do02', 2, 'Domingo', '11186321', '0'),
('11186321Do03', 3, 'Domingo', '11186321', '1'),
('11186321Do04', 4, 'Domingo', '11186321', '0'),
('11186321Do05', 5, 'Domingo', '11186321', '1'),
('11186321Do06', 6, 'Domingo', '11186321', '1'),
('11186321Do07', 7, 'Domingo', '11186321', '0'),
('11186321Do08', 8, 'Domingo', '11186321', '1'),
('11186321Do09', 9, 'Domingo', '11186321', '1'),
('11186321Do10', 10, 'Domingo', '11186321', '1'),
('11186321Do11', 11, 'Domingo', '11186321', '1'),
('11186321Do12', 12, 'Domingo', '11186321', '1'),
('11186321Do13', 13, 'Domingo', '11186321', '0'),
('11186321Do14', 14, 'Domingo', '11186321', '1'),
('11186321Do15', 15, 'Domingo', '11186321', '1'),
('11186321Do16', 16, 'Domingo', '11186321', '0'),
('11186321Do17', 17, 'Domingo', '11186321', '1'),
('11186321Do18', 18, 'Domingo', '11186321', '0'),
('11186321Do19', 19, 'Domingo', '11186321', '0'),
('11186321Do20', 20, 'Domingo', '11186321', '1'),
('11186321Do21', 21, 'Domingo', '11186321', '1'),
('11186321Do22', 22, 'Domingo', '11186321', '1'),
('11186321Do23', 23, 'Domingo', '11186321', '0'),
('11186321Ju00', 0, 'Jueves', '11186321', '1'),
('11186321Ju01', 1, 'Jueves', '11186321', '0'),
('11186321Ju02', 2, 'Jueves', '11186321', '0'),
('11186321Ju03', 3, 'Jueves', '11186321', '0'),
('11186321Ju04', 4, 'Jueves', '11186321', '0'),
('11186321Ju05', 5, 'Jueves', '11186321', '0'),
('11186321Ju06', 6, 'Jueves', '11186321', '1'),
('11186321Ju07', 7, 'Jueves', '11186321', '0'),
('11186321Ju08', 8, 'Jueves', '11186321', '0'),
('11186321Ju09', 9, 'Jueves', '11186321', '0'),
('11186321Ju10', 10, 'Jueves', '11186321', '0'),
('11186321Ju11', 11, 'Jueves', '11186321', '0'),
('11186321Ju12', 12, 'Jueves', '11186321', '0'),
('11186321Ju13', 13, 'Jueves', '11186321', '0'),
('11186321Ju14', 14, 'Jueves', '11186321', '1'),
('11186321Ju15', 15, 'Jueves', '11186321', '1'),
('11186321Ju16', 16, 'Jueves', '11186321', '1'),
('11186321Ju17', 17, 'Jueves', '11186321', '0'),
('11186321Ju18', 18, 'Jueves', '11186321', '1'),
('11186321Ju19', 19, 'Jueves', '11186321', '0'),
('11186321Ju20', 20, 'Jueves', '11186321', '0'),
('11186321Ju21', 21, 'Jueves', '11186321', '1'),
('11186321Ju22', 22, 'Jueves', '11186321', '0'),
('11186321Ju23', 23, 'Jueves', '11186321', '0'),
('11186321Lu00', 0, 'Lunes', '11186321', '1'),
('11186321Lu01', 1, 'Lunes', '11186321', '0'),
('11186321Lu02', 2, 'Lunes', '11186321', '1'),
('11186321Lu03', 3, 'Lunes', '11186321', '0'),
('11186321Lu04', 4, 'Lunes', '11186321', '1'),
('11186321Lu05', 5, 'Lunes', '11186321', '1'),
('11186321Lu06', 6, 'Lunes', '11186321', '1'),
('11186321Lu07', 7, 'Lunes', '11186321', '0'),
('11186321Lu08', 8, 'Lunes', '11186321', '0'),
('11186321Lu09', 9, 'Lunes', '11186321', '0'),
('11186321Lu10', 10, 'Lunes', '11186321', '0'),
('11186321Lu11', 11, 'Lunes', '11186321', '0'),
('11186321Lu12', 12, 'Lunes', '11186321', '1'),
('11186321Lu13', 13, 'Lunes', '11186321', '1'),
('11186321Lu14', 14, 'Lunes', '11186321', '0'),
('11186321Lu15', 15, 'Lunes', '11186321', '1'),
('11186321Lu16', 16, 'Lunes', '11186321', '1'),
('11186321Lu17', 17, 'Lunes', '11186321', '0'),
('11186321Lu18', 18, 'Lunes', '11186321', '0'),
('11186321Lu19', 19, 'Lunes', '11186321', '0'),
('11186321Lu20', 20, 'Lunes', '11186321', '1'),
('11186321Lu21', 21, 'Lunes', '11186321', '1'),
('11186321Lu22', 22, 'Lunes', '11186321', '1'),
('11186321Lu23', 23, 'Lunes', '11186321', '1'),
('11186321Ma00', 0, 'Martes', '11186321', '0'),
('11186321Ma01', 1, 'Martes', '11186321', '0'),
('11186321Ma02', 2, 'Martes', '11186321', '0'),
('11186321Ma03', 3, 'Martes', '11186321', '1'),
('11186321Ma04', 4, 'Martes', '11186321', '1'),
('11186321Ma05', 5, 'Martes', '11186321', '1'),
('11186321Ma06', 6, 'Martes', '11186321', '1'),
('11186321Ma07', 7, 'Martes', '11186321', '0'),
('11186321Ma08', 8, 'Martes', '11186321', '0'),
('11186321Ma09', 9, 'Martes', '11186321', '0'),
('11186321Ma10', 10, 'Martes', '11186321', '0'),
('11186321Ma11', 11, 'Martes', '11186321', '0'),
('11186321Ma12', 12, 'Martes', '11186321', '0'),
('11186321Ma13', 13, 'Martes', '11186321', '1'),
('11186321Ma14', 14, 'Martes', '11186321', '1'),
('11186321Ma15', 15, 'Martes', '11186321', '0'),
('11186321Ma16', 16, 'Martes', '11186321', '1'),
('11186321Ma17', 17, 'Martes', '11186321', '1'),
('11186321Ma18', 18, 'Martes', '11186321', '1'),
('11186321Ma19', 19, 'Martes', '11186321', '1'),
('11186321Ma20', 20, 'Martes', '11186321', '1'),
('11186321Ma21', 21, 'Martes', '11186321', '1'),
('11186321Ma22', 22, 'Martes', '11186321', '1'),
('11186321Ma23', 23, 'Martes', '11186321', '1'),
('11186321Mi00', 0, 'Miercoles', '11186321', '0'),
('11186321Mi01', 1, 'Miercoles', '11186321', '1'),
('11186321Mi02', 2, 'Miercoles', '11186321', '1'),
('11186321Mi03', 3, 'Miercoles', '11186321', '0'),
('11186321Mi04', 4, 'Miercoles', '11186321', '1'),
('11186321Mi05', 5, 'Miercoles', '11186321', '1'),
('11186321Mi06', 6, 'Miercoles', '11186321', '0'),
('11186321Mi07', 7, 'Miercoles', '11186321', '0'),
('11186321Mi08', 8, 'Miercoles', '11186321', '0'),
('11186321Mi09', 9, 'Miercoles', '11186321', '0'),
('11186321Mi10', 10, 'Miercoles', '11186321', '0'),
('11186321Mi11', 11, 'Miercoles', '11186321', '0'),
('11186321Mi12', 12, 'Miercoles', '11186321', '0'),
('11186321Mi13', 13, 'Miercoles', '11186321', '1'),
('11186321Mi14', 14, 'Miercoles', '11186321', '1'),
('11186321Mi15', 15, 'Miercoles', '11186321', '0'),
('11186321Mi16', 16, 'Miercoles', '11186321', '1'),
('11186321Mi17', 17, 'Miercoles', '11186321', '0'),
('11186321Mi18', 18, 'Miercoles', '11186321', '0'),
('11186321Mi19', 19, 'Miercoles', '11186321', '0'),
('11186321Mi20', 20, 'Miercoles', '11186321', '0'),
('11186321Mi21', 21, 'Miercoles', '11186321', '0'),
('11186321Mi22', 22, 'Miercoles', '11186321', '1'),
('11186321Mi23', 23, 'Miercoles', '11186321', '0'),
('11186321Sa00', 0, 'Sabado', '11186321', '0'),
('11186321Sa01', 1, 'Sabado', '11186321', '0'),
('11186321Sa02', 2, 'Sabado', '11186321', '1'),
('11186321Sa03', 3, 'Sabado', '11186321', '0'),
('11186321Sa04', 4, 'Sabado', '11186321', '0'),
('11186321Sa05', 5, 'Sabado', '11186321', '1'),
('11186321Sa06', 6, 'Sabado', '11186321', '0'),
('11186321Sa07', 7, 'Sabado', '11186321', '0'),
('11186321Sa08', 8, 'Sabado', '11186321', '1'),
('11186321Sa09', 9, 'Sabado', '11186321', '0'),
('11186321Sa10', 10, 'Sabado', '11186321', '0'),
('11186321Sa11', 11, 'Sabado', '11186321', '1'),
('11186321Sa12', 12, 'Sabado', '11186321', '0'),
('11186321Sa13', 13, 'Sabado', '11186321', '0'),
('11186321Sa14', 14, 'Sabado', '11186321', '0'),
('11186321Sa15', 15, 'Sabado', '11186321', '0'),
('11186321Sa16', 16, 'Sabado', '11186321', '1'),
('11186321Sa17', 17, 'Sabado', '11186321', '0'),
('11186321Sa18', 18, 'Sabado', '11186321', '1'),
('11186321Sa19', 19, 'Sabado', '11186321', '0'),
('11186321Sa20', 20, 'Sabado', '11186321', '1'),
('11186321Sa21', 21, 'Sabado', '11186321', '1'),
('11186321Sa22', 22, 'Sabado', '11186321', '1'),
('11186321Sa23', 23, 'Sabado', '11186321', '1'),
('11186321Vi00', 0, 'Viernes', '11186321', '1'),
('11186321Vi01', 1, 'Viernes', '11186321', '1'),
('11186321Vi02', 2, 'Viernes', '11186321', '1'),
('11186321Vi03', 3, 'Viernes', '11186321', '0'),
('11186321Vi04', 4, 'Viernes', '11186321', '0'),
('11186321Vi05', 5, 'Viernes', '11186321', '0'),
('11186321Vi06', 6, 'Viernes', '11186321', '0'),
('11186321Vi07', 7, 'Viernes', '11186321', '0'),
('11186321Vi08', 8, 'Viernes', '11186321', '1'),
('11186321Vi09', 9, 'Viernes', '11186321', '1'),
('11186321Vi10', 10, 'Viernes', '11186321', '1'),
('11186321Vi11', 11, 'Viernes', '11186321', '0'),
('11186321Vi12', 12, 'Viernes', '11186321', '1'),
('11186321Vi13', 13, 'Viernes', '11186321', '1'),
('11186321Vi14', 14, 'Viernes', '11186321', '1'),
('11186321Vi15', 15, 'Viernes', '11186321', '0'),
('11186321Vi16', 16, 'Viernes', '11186321', '0'),
('11186321Vi17', 17, 'Viernes', '11186321', '1'),
('11186321Vi18', 18, 'Viernes', '11186321', '0'),
('11186321Vi19', 19, 'Viernes', '11186321', '1'),
('11186321Vi20', 20, 'Viernes', '11186321', '0'),
('11186321Vi21', 21, 'Viernes', '11186321', '0'),
('11186321Vi22', 22, 'Viernes', '11186321', '1'),
('11186321Vi23', 23, 'Viernes', '11186321', '0'),
('12386321Do00', 0, 'Domingo', '12386321', '0'),
('12386321Do01', 1, 'Domingo', '12386321', '1'),
('12386321Do02', 2, 'Domingo', '12386321', '1'),
('12386321Do03', 3, 'Domingo', '12386321', '1'),
('12386321Do04', 4, 'Domingo', '12386321', '1'),
('12386321Do05', 5, 'Domingo', '12386321', '0'),
('12386321Do06', 6, 'Domingo', '12386321', '0'),
('12386321Do07', 7, 'Domingo', '12386321', '1'),
('12386321Do08', 8, 'Domingo', '12386321', '1'),
('12386321Do09', 9, 'Domingo', '12386321', '0'),
('12386321Do10', 10, 'Domingo', '12386321', '0'),
('12386321Do11', 11, 'Domingo', '12386321', '0'),
('12386321Do12', 12, 'Domingo', '12386321', '1'),
('12386321Do13', 13, 'Domingo', '12386321', '0'),
('12386321Do14', 14, 'Domingo', '12386321', '0'),
('12386321Do15', 15, 'Domingo', '12386321', '1'),
('12386321Do16', 16, 'Domingo', '12386321', '1'),
('12386321Do17', 17, 'Domingo', '12386321', '1'),
('12386321Do18', 18, 'Domingo', '12386321', '0'),
('12386321Do19', 19, 'Domingo', '12386321', '0'),
('12386321Do20', 20, 'Domingo', '12386321', '1'),
('12386321Do21', 21, 'Domingo', '12386321', '1'),
('12386321Do22', 22, 'Domingo', '12386321', '1'),
('12386321Do23', 23, 'Domingo', '12386321', '1'),
('12386321Ju00', 0, 'Jueves', '12386321', '1'),
('12386321Ju01', 1, 'Jueves', '12386321', '0'),
('12386321Ju02', 2, 'Jueves', '12386321', '1'),
('12386321Ju03', 3, 'Jueves', '12386321', '1'),
('12386321Ju04', 4, 'Jueves', '12386321', '1'),
('12386321Ju05', 5, 'Jueves', '12386321', '0'),
('12386321Ju06', 6, 'Jueves', '12386321', '0'),
('12386321Ju07', 7, 'Jueves', '12386321', '0'),
('12386321Ju08', 8, 'Jueves', '12386321', '1'),
('12386321Ju09', 9, 'Jueves', '12386321', '1'),
('12386321Ju10', 10, 'Jueves', '12386321', '1'),
('12386321Ju11', 11, 'Jueves', '12386321', '1'),
('12386321Ju12', 12, 'Jueves', '12386321', '0'),
('12386321Ju13', 13, 'Jueves', '12386321', '0'),
('12386321Ju14', 14, 'Jueves', '12386321', '0'),
('12386321Ju15', 15, 'Jueves', '12386321', '1'),
('12386321Ju16', 16, 'Jueves', '12386321', '0'),
('12386321Ju17', 17, 'Jueves', '12386321', '0'),
('12386321Ju18', 18, 'Jueves', '12386321', '1'),
('12386321Ju19', 19, 'Jueves', '12386321', '0'),
('12386321Ju20', 20, 'Jueves', '12386321', '0'),
('12386321Ju21', 21, 'Jueves', '12386321', '0'),
('12386321Ju22', 22, 'Jueves', '12386321', '0'),
('12386321Ju23', 23, 'Jueves', '12386321', '0'),
('12386321Lu00', 0, 'Lunes', '12386321', '0'),
('12386321Lu01', 1, 'Lunes', '12386321', '1'),
('12386321Lu02', 2, 'Lunes', '12386321', '1'),
('12386321Lu03', 3, 'Lunes', '12386321', '1'),
('12386321Lu04', 4, 'Lunes', '12386321', '0'),
('12386321Lu05', 5, 'Lunes', '12386321', '0'),
('12386321Lu06', 6, 'Lunes', '12386321', '1'),
('12386321Lu07', 7, 'Lunes', '12386321', '1'),
('12386321Lu08', 8, 'Lunes', '12386321', '0'),
('12386321Lu09', 9, 'Lunes', '12386321', '0'),
('12386321Lu10', 10, 'Lunes', '12386321', '0'),
('12386321Lu11', 11, 'Lunes', '12386321', '1'),
('12386321Lu12', 12, 'Lunes', '12386321', '1'),
('12386321Lu13', 13, 'Lunes', '12386321', '0'),
('12386321Lu14', 14, 'Lunes', '12386321', '1'),
('12386321Lu15', 15, 'Lunes', '12386321', '1'),
('12386321Lu16', 16, 'Lunes', '12386321', '0'),
('12386321Lu17', 17, 'Lunes', '12386321', '1'),
('12386321Lu18', 18, 'Lunes', '12386321', '0'),
('12386321Lu19', 19, 'Lunes', '12386321', '1'),
('12386321Lu20', 20, 'Lunes', '12386321', '0'),
('12386321Lu21', 21, 'Lunes', '12386321', '1'),
('12386321Lu22', 22, 'Lunes', '12386321', '1'),
('12386321Lu23', 23, 'Lunes', '12386321', '1'),
('12386321Ma00', 0, 'Martes', '12386321', '1'),
('12386321Ma01', 1, 'Martes', '12386321', '0'),
('12386321Ma02', 2, 'Martes', '12386321', '0'),
('12386321Ma03', 3, 'Martes', '12386321', '0'),
('12386321Ma04', 4, 'Martes', '12386321', '1'),
('12386321Ma05', 5, 'Martes', '12386321', '0'),
('12386321Ma06', 6, 'Martes', '12386321', '1'),
('12386321Ma07', 7, 'Martes', '12386321', '1'),
('12386321Ma08', 8, 'Martes', '12386321', '0'),
('12386321Ma09', 9, 'Martes', '12386321', '1'),
('12386321Ma10', 10, 'Martes', '12386321', '0'),
('12386321Ma11', 11, 'Martes', '12386321', '1'),
('12386321Ma12', 12, 'Martes', '12386321', '1'),
('12386321Ma13', 13, 'Martes', '12386321', '0'),
('12386321Ma14', 14, 'Martes', '12386321', '1'),
('12386321Ma15', 15, 'Martes', '12386321', '0'),
('12386321Ma16', 16, 'Martes', '12386321', '0'),
('12386321Ma17', 17, 'Martes', '12386321', '0'),
('12386321Ma18', 18, 'Martes', '12386321', '0'),
('12386321Ma19', 19, 'Martes', '12386321', '0'),
('12386321Ma20', 20, 'Martes', '12386321', '0'),
('12386321Ma21', 21, 'Martes', '12386321', '1'),
('12386321Ma22', 22, 'Martes', '12386321', '0'),
('12386321Ma23', 23, 'Martes', '12386321', '1'),
('12386321Mi00', 0, 'Miercoles', '12386321', '1'),
('12386321Mi01', 1, 'Miercoles', '12386321', '0'),
('12386321Mi02', 2, 'Miercoles', '12386321', '1'),
('12386321Mi03', 3, 'Miercoles', '12386321', '0'),
('12386321Mi04', 4, 'Miercoles', '12386321', '1'),
('12386321Mi05', 5, 'Miercoles', '12386321', '0'),
('12386321Mi06', 6, 'Miercoles', '12386321', '1'),
('12386321Mi07', 7, 'Miercoles', '12386321', '0'),
('12386321Mi08', 8, 'Miercoles', '12386321', '0'),
('12386321Mi09', 9, 'Miercoles', '12386321', '0'),
('12386321Mi10', 10, 'Miercoles', '12386321', '1'),
('12386321Mi11', 11, 'Miercoles', '12386321', '1'),
('12386321Mi12', 12, 'Miercoles', '12386321', '1'),
('12386321Mi13', 13, 'Miercoles', '12386321', '1'),
('12386321Mi14', 14, 'Miercoles', '12386321', '0'),
('12386321Mi15', 15, 'Miercoles', '12386321', '0'),
('12386321Mi16', 16, 'Miercoles', '12386321', '1'),
('12386321Mi17', 17, 'Miercoles', '12386321', '1'),
('12386321Mi18', 18, 'Miercoles', '12386321', '1'),
('12386321Mi19', 19, 'Miercoles', '12386321', '1'),
('12386321Mi20', 20, 'Miercoles', '12386321', '1'),
('12386321Mi21', 21, 'Miercoles', '12386321', '1'),
('12386321Mi22', 22, 'Miercoles', '12386321', '0'),
('12386321Mi23', 23, 'Miercoles', '12386321', '1'),
('12386321Sa00', 0, 'Sabado', '12386321', '0'),
('12386321Sa01', 1, 'Sabado', '12386321', '0'),
('12386321Sa02', 2, 'Sabado', '12386321', '0'),
('12386321Sa03', 3, 'Sabado', '12386321', '0'),
('12386321Sa04', 4, 'Sabado', '12386321', '0'),
('12386321Sa05', 5, 'Sabado', '12386321', '0'),
('12386321Sa06', 6, 'Sabado', '12386321', '1'),
('12386321Sa07', 7, 'Sabado', '12386321', '0'),
('12386321Sa08', 8, 'Sabado', '12386321', '1'),
('12386321Sa09', 9, 'Sabado', '12386321', '1'),
('12386321Sa10', 10, 'Sabado', '12386321', '1'),
('12386321Sa11', 11, 'Sabado', '12386321', '1'),
('12386321Sa12', 12, 'Sabado', '12386321', '1'),
('12386321Sa13', 13, 'Sabado', '12386321', '0'),
('12386321Sa14', 14, 'Sabado', '12386321', '0'),
('12386321Sa15', 15, 'Sabado', '12386321', '0'),
('12386321Sa16', 16, 'Sabado', '12386321', '1'),
('12386321Sa17', 17, 'Sabado', '12386321', '0'),
('12386321Sa18', 18, 'Sabado', '12386321', '0'),
('12386321Sa19', 19, 'Sabado', '12386321', '0'),
('12386321Sa20', 20, 'Sabado', '12386321', '0'),
('12386321Sa21', 21, 'Sabado', '12386321', '0'),
('12386321Sa22', 22, 'Sabado', '12386321', '0'),
('12386321Sa23', 23, 'Sabado', '12386321', '1'),
('12386321Vi00', 0, 'Viernes', '12386321', '0'),
('12386321Vi01', 1, 'Viernes', '12386321', '1'),
('12386321Vi02', 2, 'Viernes', '12386321', '1'),
('12386321Vi03', 3, 'Viernes', '12386321', '0'),
('12386321Vi04', 4, 'Viernes', '12386321', '1'),
('12386321Vi05', 5, 'Viernes', '12386321', '1'),
('12386321Vi06', 6, 'Viernes', '12386321', '1'),
('12386321Vi07', 7, 'Viernes', '12386321', '0'),
('12386321Vi08', 8, 'Viernes', '12386321', '0'),
('12386321Vi09', 9, 'Viernes', '12386321', '1'),
('12386321Vi10', 10, 'Viernes', '12386321', '1'),
('12386321Vi11', 11, 'Viernes', '12386321', '0'),
('12386321Vi12', 12, 'Viernes', '12386321', '1'),
('12386321Vi13', 13, 'Viernes', '12386321', '1'),
('12386321Vi14', 14, 'Viernes', '12386321', '1'),
('12386321Vi15', 15, 'Viernes', '12386321', '1'),
('12386321Vi16', 16, 'Viernes', '12386321', '1'),
('12386321Vi17', 17, 'Viernes', '12386321', '0'),
('12386321Vi18', 18, 'Viernes', '12386321', '0'),
('12386321Vi19', 19, 'Viernes', '12386321', '0'),
('12386321Vi20', 20, 'Viernes', '12386321', '0'),
('12386321Vi21', 21, 'Viernes', '12386321', '0'),
('12386321Vi22', 22, 'Viernes', '12386321', '1'),
('12386321Vi23', 23, 'Viernes', '12386321', '1'),
('12586321Do00', 0, 'Domingo', '12586321', '1'),
('12586321Do01', 1, 'Domingo', '12586321', '0'),
('12586321Do02', 2, 'Domingo', '12586321', '0'),
('12586321Do03', 3, 'Domingo', '12586321', '1'),
('12586321Do04', 4, 'Domingo', '12586321', '1'),
('12586321Do05', 5, 'Domingo', '12586321', '1'),
('12586321Do06', 6, 'Domingo', '12586321', '1'),
('12586321Do07', 7, 'Domingo', '12586321', '0'),
('12586321Do08', 8, 'Domingo', '12586321', '1'),
('12586321Do09', 9, 'Domingo', '12586321', '0'),
('12586321Do10', 10, 'Domingo', '12586321', '1'),
('12586321Do11', 11, 'Domingo', '12586321', '0'),
('12586321Do12', 12, 'Domingo', '12586321', '1'),
('12586321Do13', 13, 'Domingo', '12586321', '0'),
('12586321Do14', 14, 'Domingo', '12586321', '1'),
('12586321Do15', 15, 'Domingo', '12586321', '0'),
('12586321Do16', 16, 'Domingo', '12586321', '1'),
('12586321Do17', 17, 'Domingo', '12586321', '0'),
('12586321Do18', 18, 'Domingo', '12586321', '1'),
('12586321Do19', 19, 'Domingo', '12586321', '0'),
('12586321Do20', 20, 'Domingo', '12586321', '1'),
('12586321Do21', 21, 'Domingo', '12586321', '1'),
('12586321Do22', 22, 'Domingo', '12586321', '0'),
('12586321Do23', 23, 'Domingo', '12586321', '0'),
('12586321Ju00', 0, 'Jueves', '12586321', '0'),
('12586321Ju01', 1, 'Jueves', '12586321', '1'),
('12586321Ju02', 2, 'Jueves', '12586321', '1'),
('12586321Ju03', 3, 'Jueves', '12586321', '1'),
('12586321Ju04', 4, 'Jueves', '12586321', '0'),
('12586321Ju05', 5, 'Jueves', '12586321', '0'),
('12586321Ju06', 6, 'Jueves', '12586321', '1'),
('12586321Ju07', 7, 'Jueves', '12586321', '0'),
('12586321Ju08', 8, 'Jueves', '12586321', '1'),
('12586321Ju09', 9, 'Jueves', '12586321', '0'),
('12586321Ju10', 10, 'Jueves', '12586321', '0'),
('12586321Ju11', 11, 'Jueves', '12586321', '1'),
('12586321Ju12', 12, 'Jueves', '12586321', '0'),
('12586321Ju13', 13, 'Jueves', '12586321', '0'),
('12586321Ju14', 14, 'Jueves', '12586321', '0'),
('12586321Ju15', 15, 'Jueves', '12586321', '0'),
('12586321Ju16', 16, 'Jueves', '12586321', '1'),
('12586321Ju17', 17, 'Jueves', '12586321', '0'),
('12586321Ju18', 18, 'Jueves', '12586321', '0'),
('12586321Ju19', 19, 'Jueves', '12586321', '0'),
('12586321Ju20', 20, 'Jueves', '12586321', '1'),
('12586321Ju21', 21, 'Jueves', '12586321', '1'),
('12586321Ju22', 22, 'Jueves', '12586321', '0'),
('12586321Ju23', 23, 'Jueves', '12586321', '0'),
('12586321Lu00', 0, 'Lunes', '12586321', '0'),
('12586321Lu01', 1, 'Lunes', '12586321', '0'),
('12586321Lu02', 2, 'Lunes', '12586321', '1'),
('12586321Lu03', 3, 'Lunes', '12586321', '0'),
('12586321Lu04', 4, 'Lunes', '12586321', '1'),
('12586321Lu05', 5, 'Lunes', '12586321', '1'),
('12586321Lu06', 6, 'Lunes', '12586321', '0'),
('12586321Lu07', 7, 'Lunes', '12586321', '1'),
('12586321Lu08', 8, 'Lunes', '12586321', '1'),
('12586321Lu09', 9, 'Lunes', '12586321', '1'),
('12586321Lu10', 10, 'Lunes', '12586321', '0'),
('12586321Lu11', 11, 'Lunes', '12586321', '1'),
('12586321Lu12', 12, 'Lunes', '12586321', '1'),
('12586321Lu13', 13, 'Lunes', '12586321', '1'),
('12586321Lu14', 14, 'Lunes', '12586321', '0'),
('12586321Lu15', 15, 'Lunes', '12586321', '1'),
('12586321Lu16', 16, 'Lunes', '12586321', '1'),
('12586321Lu17', 17, 'Lunes', '12586321', '1'),
('12586321Lu18', 18, 'Lunes', '12586321', '1'),
('12586321Lu19', 19, 'Lunes', '12586321', '0'),
('12586321Lu20', 20, 'Lunes', '12586321', '0'),
('12586321Lu21', 21, 'Lunes', '12586321', '0'),
('12586321Lu22', 22, 'Lunes', '12586321', '0'),
('12586321Lu23', 23, 'Lunes', '12586321', '1'),
('12586321Ma00', 0, 'Martes', '12586321', '0'),
('12586321Ma01', 1, 'Martes', '12586321', '1'),
('12586321Ma02', 2, 'Martes', '12586321', '0'),
('12586321Ma03', 3, 'Martes', '12586321', '1'),
('12586321Ma04', 4, 'Martes', '12586321', '1'),
('12586321Ma05', 5, 'Martes', '12586321', '0'),
('12586321Ma06', 6, 'Martes', '12586321', '0'),
('12586321Ma07', 7, 'Martes', '12586321', '0'),
('12586321Ma08', 8, 'Martes', '12586321', '1'),
('12586321Ma09', 9, 'Martes', '12586321', '1'),
('12586321Ma10', 10, 'Martes', '12586321', '1'),
('12586321Ma11', 11, 'Martes', '12586321', '0'),
('12586321Ma12', 12, 'Martes', '12586321', '0'),
('12586321Ma13', 13, 'Martes', '12586321', '1'),
('12586321Ma14', 14, 'Martes', '12586321', '0'),
('12586321Ma15', 15, 'Martes', '12586321', '1'),
('12586321Ma16', 16, 'Martes', '12586321', '1'),
('12586321Ma17', 17, 'Martes', '12586321', '1'),
('12586321Ma18', 18, 'Martes', '12586321', '0'),
('12586321Ma19', 19, 'Martes', '12586321', '1'),
('12586321Ma20', 20, 'Martes', '12586321', '0'),
('12586321Ma21', 21, 'Martes', '12586321', '0'),
('12586321Ma22', 22, 'Martes', '12586321', '0'),
('12586321Ma23', 23, 'Martes', '12586321', '0'),
('12586321Mi00', 0, 'Miercoles', '12586321', '1'),
('12586321Mi01', 1, 'Miercoles', '12586321', '0'),
('12586321Mi02', 2, 'Miercoles', '12586321', '0'),
('12586321Mi03', 3, 'Miercoles', '12586321', '0'),
('12586321Mi04', 4, 'Miercoles', '12586321', '1'),
('12586321Mi05', 5, 'Miercoles', '12586321', '1'),
('12586321Mi06', 6, 'Miercoles', '12586321', '1'),
('12586321Mi07', 7, 'Miercoles', '12586321', '0'),
('12586321Mi08', 8, 'Miercoles', '12586321', '1'),
('12586321Mi09', 9, 'Miercoles', '12586321', '1'),
('12586321Mi10', 10, 'Miercoles', '12586321', '0'),
('12586321Mi11', 11, 'Miercoles', '12586321', '1'),
('12586321Mi12', 12, 'Miercoles', '12586321', '1'),
('12586321Mi13', 13, 'Miercoles', '12586321', '0'),
('12586321Mi14', 14, 'Miercoles', '12586321', '0'),
('12586321Mi15', 15, 'Miercoles', '12586321', '1'),
('12586321Mi16', 16, 'Miercoles', '12586321', '0'),
('12586321Mi17', 17, 'Miercoles', '12586321', '1'),
('12586321Mi18', 18, 'Miercoles', '12586321', '1'),
('12586321Mi19', 19, 'Miercoles', '12586321', '1'),
('12586321Mi20', 20, 'Miercoles', '12586321', '0'),
('12586321Mi21', 21, 'Miercoles', '12586321', '1'),
('12586321Mi22', 22, 'Miercoles', '12586321', '1'),
('12586321Mi23', 23, 'Miercoles', '12586321', '0'),
('12586321Sa00', 0, 'Sabado', '12586321', '1'),
('12586321Sa01', 1, 'Sabado', '12586321', '0'),
('12586321Sa02', 2, 'Sabado', '12586321', '0'),
('12586321Sa03', 3, 'Sabado', '12586321', '0'),
('12586321Sa04', 4, 'Sabado', '12586321', '0'),
('12586321Sa05', 5, 'Sabado', '12586321', '0'),
('12586321Sa06', 6, 'Sabado', '12586321', '1'),
('12586321Sa07', 7, 'Sabado', '12586321', '1'),
('12586321Sa08', 8, 'Sabado', '12586321', '1'),
('12586321Sa09', 9, 'Sabado', '12586321', '1'),
('12586321Sa10', 10, 'Sabado', '12586321', '1'),
('12586321Sa11', 11, 'Sabado', '12586321', '1'),
('12586321Sa12', 12, 'Sabado', '12586321', '1'),
('12586321Sa13', 13, 'Sabado', '12586321', '1'),
('12586321Sa14', 14, 'Sabado', '12586321', '1'),
('12586321Sa15', 15, 'Sabado', '12586321', '1'),
('12586321Sa16', 16, 'Sabado', '12586321', '1'),
('12586321Sa17', 17, 'Sabado', '12586321', '1'),
('12586321Sa18', 18, 'Sabado', '12586321', '0'),
('12586321Sa19', 19, 'Sabado', '12586321', '0'),
('12586321Sa20', 20, 'Sabado', '12586321', '1'),
('12586321Sa21', 21, 'Sabado', '12586321', '1'),
('12586321Sa22', 22, 'Sabado', '12586321', '1'),
('12586321Sa23', 23, 'Sabado', '12586321', '1'),
('12586321Vi00', 0, 'Viernes', '12586321', '0'),
('12586321Vi01', 1, 'Viernes', '12586321', '1'),
('12586321Vi02', 2, 'Viernes', '12586321', '0'),
('12586321Vi03', 3, 'Viernes', '12586321', '0'),
('12586321Vi04', 4, 'Viernes', '12586321', '0'),
('12586321Vi05', 5, 'Viernes', '12586321', '0'),
('12586321Vi06', 6, 'Viernes', '12586321', '0'),
('12586321Vi07', 7, 'Viernes', '12586321', '1'),
('12586321Vi08', 8, 'Viernes', '12586321', '1'),
('12586321Vi09', 9, 'Viernes', '12586321', '1'),
('12586321Vi10', 10, 'Viernes', '12586321', '1'),
('12586321Vi11', 11, 'Viernes', '12586321', '1'),
('12586321Vi12', 12, 'Viernes', '12586321', '0'),
('12586321Vi13', 13, 'Viernes', '12586321', '0'),
('12586321Vi14', 14, 'Viernes', '12586321', '1'),
('12586321Vi15', 15, 'Viernes', '12586321', '0'),
('12586321Vi16', 16, 'Viernes', '12586321', '1'),
('12586321Vi17', 17, 'Viernes', '12586321', '0'),
('12586321Vi18', 18, 'Viernes', '12586321', '0'),
('12586321Vi19', 19, 'Viernes', '12586321', '0'),
('12586321Vi20', 20, 'Viernes', '12586321', '0'),
('12586321Vi21', 21, 'Viernes', '12586321', '0'),
('12586321Vi22', 22, 'Viernes', '12586321', '0'),
('12586321Vi23', 23, 'Viernes', '12586321', '1'),
('22586321Do00', 0, 'Domingo', '22586321', '1'),
('22586321Do01', 1, 'Domingo', '22586321', '1'),
('22586321Do02', 2, 'Domingo', '22586321', '0'),
('22586321Do03', 3, 'Domingo', '22586321', '1'),
('22586321Do04', 4, 'Domingo', '22586321', '0'),
('22586321Do05', 5, 'Domingo', '22586321', '1'),
('22586321Do06', 6, 'Domingo', '22586321', '1'),
('22586321Do07', 7, 'Domingo', '22586321', '1'),
('22586321Do08', 8, 'Domingo', '22586321', '0'),
('22586321Do09', 9, 'Domingo', '22586321', '0'),
('22586321Do10', 10, 'Domingo', '22586321', '0'),
('22586321Do11', 11, 'Domingo', '22586321', '0'),
('22586321Do12', 12, 'Domingo', '22586321', '0'),
('22586321Do13', 13, 'Domingo', '22586321', '0'),
('22586321Do14', 14, 'Domingo', '22586321', '0'),
('22586321Do15', 15, 'Domingo', '22586321', '0'),
('22586321Do16', 16, 'Domingo', '22586321', '1'),
('22586321Do17', 17, 'Domingo', '22586321', '1'),
('22586321Do18', 18, 'Domingo', '22586321', '0'),
('22586321Do19', 19, 'Domingo', '22586321', '0'),
('22586321Do20', 20, 'Domingo', '22586321', '1'),
('22586321Do21', 21, 'Domingo', '22586321', '1'),
('22586321Do22', 22, 'Domingo', '22586321', '0'),
('22586321Do23', 23, 'Domingo', '22586321', '0'),
('22586321Ju00', 0, 'Jueves', '22586321', '0'),
('22586321Ju01', 1, 'Jueves', '22586321', '1'),
('22586321Ju02', 2, 'Jueves', '22586321', '1'),
('22586321Ju03', 3, 'Jueves', '22586321', '0'),
('22586321Ju04', 4, 'Jueves', '22586321', '0'),
('22586321Ju05', 5, 'Jueves', '22586321', '1'),
('22586321Ju06', 6, 'Jueves', '22586321', '1'),
('22586321Ju07', 7, 'Jueves', '22586321', '0'),
('22586321Ju08', 8, 'Jueves', '22586321', '1'),
('22586321Ju09', 9, 'Jueves', '22586321', '1'),
('22586321Ju10', 10, 'Jueves', '22586321', '1'),
('22586321Ju11', 11, 'Jueves', '22586321', '1'),
('22586321Ju12', 12, 'Jueves', '22586321', '0'),
('22586321Ju13', 13, 'Jueves', '22586321', '0'),
('22586321Ju14', 14, 'Jueves', '22586321', '0'),
('22586321Ju15', 15, 'Jueves', '22586321', '0'),
('22586321Ju16', 16, 'Jueves', '22586321', '1'),
('22586321Ju17', 17, 'Jueves', '22586321', '1'),
('22586321Ju18', 18, 'Jueves', '22586321', '0'),
('22586321Ju19', 19, 'Jueves', '22586321', '1'),
('22586321Ju20', 20, 'Jueves', '22586321', '0'),
('22586321Ju21', 21, 'Jueves', '22586321', '1'),
('22586321Ju22', 22, 'Jueves', '22586321', '0'),
('22586321Ju23', 23, 'Jueves', '22586321', '1'),
('22586321Lu00', 0, 'Lunes', '22586321', '0'),
('22586321Lu01', 1, 'Lunes', '22586321', '0'),
('22586321Lu02', 2, 'Lunes', '22586321', '0'),
('22586321Lu03', 3, 'Lunes', '22586321', '1'),
('22586321Lu04', 4, 'Lunes', '22586321', '0'),
('22586321Lu05', 5, 'Lunes', '22586321', '0'),
('22586321Lu06', 6, 'Lunes', '22586321', '1'),
('22586321Lu07', 7, 'Lunes', '22586321', '0'),
('22586321Lu08', 8, 'Lunes', '22586321', '0'),
('22586321Lu09', 9, 'Lunes', '22586321', '1'),
('22586321Lu10', 10, 'Lunes', '22586321', '0'),
('22586321Lu11', 11, 'Lunes', '22586321', '0'),
('22586321Lu12', 12, 'Lunes', '22586321', '0'),
('22586321Lu13', 13, 'Lunes', '22586321', '1'),
('22586321Lu14', 14, 'Lunes', '22586321', '0'),
('22586321Lu15', 15, 'Lunes', '22586321', '1'),
('22586321Lu16', 16, 'Lunes', '22586321', '0'),
('22586321Lu17', 17, 'Lunes', '22586321', '1'),
('22586321Lu18', 18, 'Lunes', '22586321', '0'),
('22586321Lu19', 19, 'Lunes', '22586321', '0'),
('22586321Lu20', 20, 'Lunes', '22586321', '0'),
('22586321Lu21', 21, 'Lunes', '22586321', '0'),
('22586321Lu22', 22, 'Lunes', '22586321', '1'),
('22586321Lu23', 23, 'Lunes', '22586321', '1'),
('22586321Ma00', 0, 'Martes', '22586321', '0'),
('22586321Ma01', 1, 'Martes', '22586321', '0'),
('22586321Ma02', 2, 'Martes', '22586321', '0'),
('22586321Ma03', 3, 'Martes', '22586321', '0'),
('22586321Ma04', 4, 'Martes', '22586321', '1'),
('22586321Ma05', 5, 'Martes', '22586321', '1'),
('22586321Ma06', 6, 'Martes', '22586321', '1'),
('22586321Ma07', 7, 'Martes', '22586321', '1'),
('22586321Ma08', 8, 'Martes', '22586321', '1'),
('22586321Ma09', 9, 'Martes', '22586321', '1'),
('22586321Ma10', 10, 'Martes', '22586321', '1'),
('22586321Ma11', 11, 'Martes', '22586321', '0'),
('22586321Ma12', 12, 'Martes', '22586321', '0'),
('22586321Ma13', 13, 'Martes', '22586321', '0'),
('22586321Ma14', 14, 'Martes', '22586321', '0'),
('22586321Ma15', 15, 'Martes', '22586321', '0'),
('22586321Ma16', 16, 'Martes', '22586321', '0'),
('22586321Ma17', 17, 'Martes', '22586321', '0'),
('22586321Ma18', 18, 'Martes', '22586321', '0'),
('22586321Ma19', 19, 'Martes', '22586321', '1'),
('22586321Ma20', 20, 'Martes', '22586321', '0'),
('22586321Ma21', 21, 'Martes', '22586321', '0'),
('22586321Ma22', 22, 'Martes', '22586321', '0'),
('22586321Ma23', 23, 'Martes', '22586321', '1'),
('22586321Mi00', 0, 'Miercoles', '22586321', '1'),
('22586321Mi01', 1, 'Miercoles', '22586321', '0'),
('22586321Mi02', 2, 'Miercoles', '22586321', '0'),
('22586321Mi03', 3, 'Miercoles', '22586321', '0'),
('22586321Mi04', 4, 'Miercoles', '22586321', '0'),
('22586321Mi05', 5, 'Miercoles', '22586321', '0'),
('22586321Mi06', 6, 'Miercoles', '22586321', '0'),
('22586321Mi07', 7, 'Miercoles', '22586321', '1'),
('22586321Mi08', 8, 'Miercoles', '22586321', '1'),
('22586321Mi09', 9, 'Miercoles', '22586321', '0'),
('22586321Mi10', 10, 'Miercoles', '22586321', '0'),
('22586321Mi11', 11, 'Miercoles', '22586321', '1'),
('22586321Mi12', 12, 'Miercoles', '22586321', '1'),
('22586321Mi13', 13, 'Miercoles', '22586321', '0'),
('22586321Mi14', 14, 'Miercoles', '22586321', '1'),
('22586321Mi15', 15, 'Miercoles', '22586321', '0'),
('22586321Mi16', 16, 'Miercoles', '22586321', '0'),
('22586321Mi17', 17, 'Miercoles', '22586321', '0'),
('22586321Mi18', 18, 'Miercoles', '22586321', '0'),
('22586321Mi19', 19, 'Miercoles', '22586321', '1'),
('22586321Mi20', 20, 'Miercoles', '22586321', '0'),
('22586321Mi21', 21, 'Miercoles', '22586321', '0'),
('22586321Mi22', 22, 'Miercoles', '22586321', '1'),
('22586321Mi23', 23, 'Miercoles', '22586321', '1'),
('22586321Sa00', 0, 'Sabado', '22586321', '1'),
('22586321Sa01', 1, 'Sabado', '22586321', '0'),
('22586321Sa02', 2, 'Sabado', '22586321', '1'),
('22586321Sa03', 3, 'Sabado', '22586321', '0'),
('22586321Sa04', 4, 'Sabado', '22586321', '0'),
('22586321Sa05', 5, 'Sabado', '22586321', '1'),
('22586321Sa06', 6, 'Sabado', '22586321', '1'),
('22586321Sa07', 7, 'Sabado', '22586321', '1'),
('22586321Sa08', 8, 'Sabado', '22586321', '1'),
('22586321Sa09', 9, 'Sabado', '22586321', '0'),
('22586321Sa10', 10, 'Sabado', '22586321', '0'),
('22586321Sa11', 11, 'Sabado', '22586321', '1'),
('22586321Sa12', 12, 'Sabado', '22586321', '1'),
('22586321Sa13', 13, 'Sabado', '22586321', '1'),
('22586321Sa14', 14, 'Sabado', '22586321', '1'),
('22586321Sa15', 15, 'Sabado', '22586321', '1'),
('22586321Sa16', 16, 'Sabado', '22586321', '0'),
('22586321Sa17', 17, 'Sabado', '22586321', '1'),
('22586321Sa18', 18, 'Sabado', '22586321', '1'),
('22586321Sa19', 19, 'Sabado', '22586321', '1'),
('22586321Sa20', 20, 'Sabado', '22586321', '0'),
('22586321Sa21', 21, 'Sabado', '22586321', '0'),
('22586321Sa22', 22, 'Sabado', '22586321', '0'),
('22586321Sa23', 23, 'Sabado', '22586321', '0'),
('22586321Vi00', 0, 'Viernes', '22586321', '0'),
('22586321Vi01', 1, 'Viernes', '22586321', '1'),
('22586321Vi02', 2, 'Viernes', '22586321', '0'),
('22586321Vi03', 3, 'Viernes', '22586321', '1'),
('22586321Vi04', 4, 'Viernes', '22586321', '1'),
('22586321Vi05', 5, 'Viernes', '22586321', '0'),
('22586321Vi06', 6, 'Viernes', '22586321', '0'),
('22586321Vi07', 7, 'Viernes', '22586321', '1'),
('22586321Vi08', 8, 'Viernes', '22586321', '1'),
('22586321Vi09', 9, 'Viernes', '22586321', '1'),
('22586321Vi10', 10, 'Viernes', '22586321', '0'),
('22586321Vi11', 11, 'Viernes', '22586321', '1'),
('22586321Vi12', 12, 'Viernes', '22586321', '1'),
('22586321Vi13', 13, 'Viernes', '22586321', '0'),
('22586321Vi14', 14, 'Viernes', '22586321', '0'),
('22586321Vi15', 15, 'Viernes', '22586321', '1'),
('22586321Vi16', 16, 'Viernes', '22586321', '1'),
('22586321Vi17', 17, 'Viernes', '22586321', '1'),
('22586321Vi18', 18, 'Viernes', '22586321', '0'),
('22586321Vi19', 19, 'Viernes', '22586321', '0'),
('22586321Vi20', 20, 'Viernes', '22586321', '0'),
('22586321Vi21', 21, 'Viernes', '22586321', '0'),
('22586321Vi22', 22, 'Viernes', '22586321', '1'),
('22586321Vi23', 23, 'Viernes', '22586321', '1'),
('33586321Do00', 0, 'Domingo', '33586321', '1'),
('33586321Do01', 1, 'Domingo', '33586321', '1'),
('33586321Do02', 2, 'Domingo', '33586321', '0'),
('33586321Do03', 3, 'Domingo', '33586321', '0'),
('33586321Do04', 4, 'Domingo', '33586321', '1'),
('33586321Do05', 5, 'Domingo', '33586321', '1'),
('33586321Do06', 6, 'Domingo', '33586321', '1'),
('33586321Do07', 7, 'Domingo', '33586321', '1'),
('33586321Do08', 8, 'Domingo', '33586321', '1'),
('33586321Do09', 9, 'Domingo', '33586321', '1'),
('33586321Do10', 10, 'Domingo', '33586321', '1'),
('33586321Do11', 11, 'Domingo', '33586321', '0'),
('33586321Do12', 12, 'Domingo', '33586321', '1'),
('33586321Do13', 13, 'Domingo', '33586321', '0'),
('33586321Do14', 14, 'Domingo', '33586321', '1'),
('33586321Do15', 15, 'Domingo', '33586321', '0'),
('33586321Do16', 16, 'Domingo', '33586321', '1'),
('33586321Do17', 17, 'Domingo', '33586321', '1'),
('33586321Do18', 18, 'Domingo', '33586321', '1'),
('33586321Do19', 19, 'Domingo', '33586321', '1'),
('33586321Do20', 20, 'Domingo', '33586321', '0'),
('33586321Do21', 21, 'Domingo', '33586321', '1'),
('33586321Do22', 22, 'Domingo', '33586321', '0'),
('33586321Do23', 23, 'Domingo', '33586321', '0'),
('33586321Ju00', 0, 'Jueves', '33586321', '1'),
('33586321Ju01', 1, 'Jueves', '33586321', '1'),
('33586321Ju02', 2, 'Jueves', '33586321', '1'),
('33586321Ju03', 3, 'Jueves', '33586321', '1'),
('33586321Ju04', 4, 'Jueves', '33586321', '0'),
('33586321Ju05', 5, 'Jueves', '33586321', '0'),
('33586321Ju06', 6, 'Jueves', '33586321', '0'),
('33586321Ju07', 7, 'Jueves', '33586321', '1'),
('33586321Ju08', 8, 'Jueves', '33586321', '0'),
('33586321Ju09', 9, 'Jueves', '33586321', '0'),
('33586321Ju10', 10, 'Jueves', '33586321', '0'),
('33586321Ju11', 11, 'Jueves', '33586321', '1'),
('33586321Ju12', 12, 'Jueves', '33586321', '0'),
('33586321Ju13', 13, 'Jueves', '33586321', '1'),
('33586321Ju14', 14, 'Jueves', '33586321', '1'),
('33586321Ju15', 15, 'Jueves', '33586321', '0'),
('33586321Ju16', 16, 'Jueves', '33586321', '0'),
('33586321Ju17', 17, 'Jueves', '33586321', '1'),
('33586321Ju18', 18, 'Jueves', '33586321', '0'),
('33586321Ju19', 19, 'Jueves', '33586321', '1'),
('33586321Ju20', 20, 'Jueves', '33586321', '1'),
('33586321Ju21', 21, 'Jueves', '33586321', '0'),
('33586321Ju22', 22, 'Jueves', '33586321', '0'),
('33586321Ju23', 23, 'Jueves', '33586321', '0'),
('33586321Lu00', 0, 'Lunes', '33586321', '0'),
('33586321Lu01', 1, 'Lunes', '33586321', '1'),
('33586321Lu02', 2, 'Lunes', '33586321', '1'),
('33586321Lu03', 3, 'Lunes', '33586321', '1'),
('33586321Lu04', 4, 'Lunes', '33586321', '1'),
('33586321Lu05', 5, 'Lunes', '33586321', '0'),
('33586321Lu06', 6, 'Lunes', '33586321', '1'),
('33586321Lu07', 7, 'Lunes', '33586321', '0'),
('33586321Lu08', 8, 'Lunes', '33586321', '1'),
('33586321Lu09', 9, 'Lunes', '33586321', '1'),
('33586321Lu10', 10, 'Lunes', '33586321', '0'),
('33586321Lu11', 11, 'Lunes', '33586321', '1'),
('33586321Lu12', 12, 'Lunes', '33586321', '0'),
('33586321Lu13', 13, 'Lunes', '33586321', '1'),
('33586321Lu14', 14, 'Lunes', '33586321', '0'),
('33586321Lu15', 15, 'Lunes', '33586321', '0'),
('33586321Lu16', 16, 'Lunes', '33586321', '1'),
('33586321Lu17', 17, 'Lunes', '33586321', '1'),
('33586321Lu18', 18, 'Lunes', '33586321', '0'),
('33586321Lu19', 19, 'Lunes', '33586321', '1'),
('33586321Lu20', 20, 'Lunes', '33586321', '1'),
('33586321Lu21', 21, 'Lunes', '33586321', '1'),
('33586321Lu22', 22, 'Lunes', '33586321', '1'),
('33586321Lu23', 23, 'Lunes', '33586321', '0'),
('33586321Ma00', 0, 'Martes', '33586321', '1'),
('33586321Ma01', 1, 'Martes', '33586321', '0'),
('33586321Ma02', 2, 'Martes', '33586321', '0'),
('33586321Ma03', 3, 'Martes', '33586321', '0'),
('33586321Ma04', 4, 'Martes', '33586321', '1'),
('33586321Ma05', 5, 'Martes', '33586321', '0'),
('33586321Ma06', 6, 'Martes', '33586321', '0'),
('33586321Ma07', 7, 'Martes', '33586321', '0'),
('33586321Ma08', 8, 'Martes', '33586321', '0'),
('33586321Ma09', 9, 'Martes', '33586321', '1'),
('33586321Ma10', 10, 'Martes', '33586321', '0'),
('33586321Ma11', 11, 'Martes', '33586321', '0'),
('33586321Ma12', 12, 'Martes', '33586321', '1'),
('33586321Ma13', 13, 'Martes', '33586321', '1'),
('33586321Ma14', 14, 'Martes', '33586321', '1'),
('33586321Ma15', 15, 'Martes', '33586321', '0'),
('33586321Ma16', 16, 'Martes', '33586321', '0'),
('33586321Ma17', 17, 'Martes', '33586321', '1'),
('33586321Ma18', 18, 'Martes', '33586321', '0'),
('33586321Ma19', 19, 'Martes', '33586321', '1'),
('33586321Ma20', 20, 'Martes', '33586321', '1'),
('33586321Ma21', 21, 'Martes', '33586321', '1'),
('33586321Ma22', 22, 'Martes', '33586321', '0'),
('33586321Ma23', 23, 'Martes', '33586321', '0'),
('33586321Mi00', 0, 'Miercoles', '33586321', '1'),
('33586321Mi01', 1, 'Miercoles', '33586321', '1'),
('33586321Mi02', 2, 'Miercoles', '33586321', '0'),
('33586321Mi03', 3, 'Miercoles', '33586321', '1'),
('33586321Mi04', 4, 'Miercoles', '33586321', '1'),
('33586321Mi05', 5, 'Miercoles', '33586321', '1'),
('33586321Mi06', 6, 'Miercoles', '33586321', '1'),
('33586321Mi07', 7, 'Miercoles', '33586321', '0'),
('33586321Mi08', 8, 'Miercoles', '33586321', '0'),
('33586321Mi09', 9, 'Miercoles', '33586321', '0'),
('33586321Mi10', 10, 'Miercoles', '33586321', '0'),
('33586321Mi11', 11, 'Miercoles', '33586321', '0'),
('33586321Mi12', 12, 'Miercoles', '33586321', '0'),
('33586321Mi13', 13, 'Miercoles', '33586321', '0'),
('33586321Mi14', 14, 'Miercoles', '33586321', '0'),
('33586321Mi15', 15, 'Miercoles', '33586321', '0'),
('33586321Mi16', 16, 'Miercoles', '33586321', '1'),
('33586321Mi17', 17, 'Miercoles', '33586321', '0'),
('33586321Mi18', 18, 'Miercoles', '33586321', '0'),
('33586321Mi19', 19, 'Miercoles', '33586321', '0'),
('33586321Mi20', 20, 'Miercoles', '33586321', '1'),
('33586321Mi21', 21, 'Miercoles', '33586321', '0'),
('33586321Mi22', 22, 'Miercoles', '33586321', '0'),
('33586321Mi23', 23, 'Miercoles', '33586321', '0'),
('33586321Sa00', 0, 'Sabado', '33586321', '1'),
('33586321Sa01', 1, 'Sabado', '33586321', '1'),
('33586321Sa02', 2, 'Sabado', '33586321', '0'),
('33586321Sa03', 3, 'Sabado', '33586321', '1'),
('33586321Sa04', 4, 'Sabado', '33586321', '0'),
('33586321Sa05', 5, 'Sabado', '33586321', '0'),
('33586321Sa06', 6, 'Sabado', '33586321', '0'),
('33586321Sa07', 7, 'Sabado', '33586321', '1'),
('33586321Sa08', 8, 'Sabado', '33586321', '1'),
('33586321Sa09', 9, 'Sabado', '33586321', '0'),
('33586321Sa10', 10, 'Sabado', '33586321', '1'),
('33586321Sa11', 11, 'Sabado', '33586321', '1'),
('33586321Sa12', 12, 'Sabado', '33586321', '1'),
('33586321Sa13', 13, 'Sabado', '33586321', '0'),
('33586321Sa14', 14, 'Sabado', '33586321', '1'),
('33586321Sa15', 15, 'Sabado', '33586321', '0'),
('33586321Sa16', 16, 'Sabado', '33586321', '1'),
('33586321Sa17', 17, 'Sabado', '33586321', '0'),
('33586321Sa18', 18, 'Sabado', '33586321', '1'),
('33586321Sa19', 19, 'Sabado', '33586321', '0'),
('33586321Sa20', 20, 'Sabado', '33586321', '1'),
('33586321Sa21', 21, 'Sabado', '33586321', '1'),
('33586321Sa22', 22, 'Sabado', '33586321', '1'),
('33586321Sa23', 23, 'Sabado', '33586321', '1'),
('33586321Vi00', 0, 'Viernes', '33586321', '1'),
('33586321Vi01', 1, 'Viernes', '33586321', '1'),
('33586321Vi02', 2, 'Viernes', '33586321', '0'),
('33586321Vi03', 3, 'Viernes', '33586321', '0'),
('33586321Vi04', 4, 'Viernes', '33586321', '1'),
('33586321Vi05', 5, 'Viernes', '33586321', '0'),
('33586321Vi06', 6, 'Viernes', '33586321', '1'),
('33586321Vi07', 7, 'Viernes', '33586321', '0'),
('33586321Vi08', 8, 'Viernes', '33586321', '0'),
('33586321Vi09', 9, 'Viernes', '33586321', '0'),
('33586321Vi10', 10, 'Viernes', '33586321', '0'),
('33586321Vi11', 11, 'Viernes', '33586321', '1'),
('33586321Vi12', 12, 'Viernes', '33586321', '1'),
('33586321Vi13', 13, 'Viernes', '33586321', '0'),
('33586321Vi14', 14, 'Viernes', '33586321', '1'),
('33586321Vi15', 15, 'Viernes', '33586321', '0'),
('33586321Vi16', 16, 'Viernes', '33586321', '1'),
('33586321Vi17', 17, 'Viernes', '33586321', '0'),
('33586321Vi18', 18, 'Viernes', '33586321', '0'),
('33586321Vi19', 19, 'Viernes', '33586321', '0'),
('33586321Vi20', 20, 'Viernes', '33586321', '1'),
('33586321Vi21', 21, 'Viernes', '33586321', '1'),
('33586321Vi22', 22, 'Viernes', '33586321', '0'),
('33586321Vi23', 23, 'Viernes', '33586321', '1'),
('34586321Do00', 0, 'Domingo', '34586321', '0'),
('34586321Do01', 1, 'Domingo', '34586321', '1'),
('34586321Do02', 2, 'Domingo', '34586321', '0'),
('34586321Do03', 3, 'Domingo', '34586321', '0'),
('34586321Do04', 4, 'Domingo', '34586321', '0'),
('34586321Do05', 5, 'Domingo', '34586321', '0'),
('34586321Do06', 6, 'Domingo', '34586321', '0'),
('34586321Do07', 7, 'Domingo', '34586321', '1'),
('34586321Do08', 8, 'Domingo', '34586321', '0'),
('34586321Do09', 9, 'Domingo', '34586321', '1'),
('34586321Do10', 10, 'Domingo', '34586321', '1'),
('34586321Do11', 11, 'Domingo', '34586321', '1'),
('34586321Do12', 12, 'Domingo', '34586321', '0'),
('34586321Do13', 13, 'Domingo', '34586321', '1'),
('34586321Do14', 14, 'Domingo', '34586321', '0'),
('34586321Do15', 15, 'Domingo', '34586321', '1'),
('34586321Do16', 16, 'Domingo', '34586321', '1'),
('34586321Do17', 17, 'Domingo', '34586321', '0'),
('34586321Do18', 18, 'Domingo', '34586321', '0'),
('34586321Do19', 19, 'Domingo', '34586321', '0'),
('34586321Do20', 20, 'Domingo', '34586321', '1'),
('34586321Do21', 21, 'Domingo', '34586321', '1'),
('34586321Do22', 22, 'Domingo', '34586321', '0'),
('34586321Do23', 23, 'Domingo', '34586321', '0'),
('34586321Ju00', 0, 'Jueves', '34586321', '1'),
('34586321Ju01', 1, 'Jueves', '34586321', '0'),
('34586321Ju02', 2, 'Jueves', '34586321', '1'),
('34586321Ju03', 3, 'Jueves', '34586321', '0'),
('34586321Ju04', 4, 'Jueves', '34586321', '0'),
('34586321Ju05', 5, 'Jueves', '34586321', '0'),
('34586321Ju06', 6, 'Jueves', '34586321', '0'),
('34586321Ju07', 7, 'Jueves', '34586321', '1'),
('34586321Ju08', 8, 'Jueves', '34586321', '0'),
('34586321Ju09', 9, 'Jueves', '34586321', '1'),
('34586321Ju10', 10, 'Jueves', '34586321', '1'),
('34586321Ju11', 11, 'Jueves', '34586321', '1'),
('34586321Ju12', 12, 'Jueves', '34586321', '0'),
('34586321Ju13', 13, 'Jueves', '34586321', '0'),
('34586321Ju14', 14, 'Jueves', '34586321', '0'),
('34586321Ju15', 15, 'Jueves', '34586321', '1'),
('34586321Ju16', 16, 'Jueves', '34586321', '1'),
('34586321Ju17', 17, 'Jueves', '34586321', '1'),
('34586321Ju18', 18, 'Jueves', '34586321', '0'),
('34586321Ju19', 19, 'Jueves', '34586321', '1'),
('34586321Ju20', 20, 'Jueves', '34586321', '0'),
('34586321Ju21', 21, 'Jueves', '34586321', '1'),
('34586321Ju22', 22, 'Jueves', '34586321', '1'),
('34586321Ju23', 23, 'Jueves', '34586321', '0'),
('34586321Lu00', 0, 'Lunes', '34586321', '1'),
('34586321Lu01', 1, 'Lunes', '34586321', '1'),
('34586321Lu02', 2, 'Lunes', '34586321', '0'),
('34586321Lu03', 3, 'Lunes', '34586321', '0'),
('34586321Lu04', 4, 'Lunes', '34586321', '1'),
('34586321Lu05', 5, 'Lunes', '34586321', '0'),
('34586321Lu06', 6, 'Lunes', '34586321', '1'),
('34586321Lu07', 7, 'Lunes', '34586321', '0'),
('34586321Lu08', 8, 'Lunes', '34586321', '0'),
('34586321Lu09', 9, 'Lunes', '34586321', '0'),
('34586321Lu10', 10, 'Lunes', '34586321', '1'),
('34586321Lu11', 11, 'Lunes', '34586321', '0'),
('34586321Lu12', 12, 'Lunes', '34586321', '1'),
('34586321Lu13', 13, 'Lunes', '34586321', '0'),
('34586321Lu14', 14, 'Lunes', '34586321', '0'),
('34586321Lu15', 15, 'Lunes', '34586321', '0'),
('34586321Lu16', 16, 'Lunes', '34586321', '0'),
('34586321Lu17', 17, 'Lunes', '34586321', '1'),
('34586321Lu18', 18, 'Lunes', '34586321', '1'),
('34586321Lu19', 19, 'Lunes', '34586321', '0'),
('34586321Lu20', 20, 'Lunes', '34586321', '1'),
('34586321Lu21', 21, 'Lunes', '34586321', '0'),
('34586321Lu22', 22, 'Lunes', '34586321', '0'),
('34586321Lu23', 23, 'Lunes', '34586321', '0'),
('34586321Ma00', 0, 'Martes', '34586321', '1'),
('34586321Ma01', 1, 'Martes', '34586321', '0'),
('34586321Ma02', 2, 'Martes', '34586321', '1'),
('34586321Ma03', 3, 'Martes', '34586321', '1'),
('34586321Ma04', 4, 'Martes', '34586321', '1'),
('34586321Ma05', 5, 'Martes', '34586321', '1'),
('34586321Ma06', 6, 'Martes', '34586321', '0'),
('34586321Ma07', 7, 'Martes', '34586321', '1'),
('34586321Ma08', 8, 'Martes', '34586321', '1'),
('34586321Ma09', 9, 'Martes', '34586321', '1'),
('34586321Ma10', 10, 'Martes', '34586321', '0'),
('34586321Ma11', 11, 'Martes', '34586321', '1'),
('34586321Ma12', 12, 'Martes', '34586321', '1'),
('34586321Ma13', 13, 'Martes', '34586321', '1'),
('34586321Ma14', 14, 'Martes', '34586321', '1'),
('34586321Ma15', 15, 'Martes', '34586321', '1'),
('34586321Ma16', 16, 'Martes', '34586321', '1'),
('34586321Ma17', 17, 'Martes', '34586321', '0'),
('34586321Ma18', 18, 'Martes', '34586321', '1'),
('34586321Ma19', 19, 'Martes', '34586321', '0'),
('34586321Ma20', 20, 'Martes', '34586321', '0'),
('34586321Ma21', 21, 'Martes', '34586321', '1'),
('34586321Ma22', 22, 'Martes', '34586321', '0'),
('34586321Ma23', 23, 'Martes', '34586321', '1'),
('34586321Mi00', 0, 'Miercoles', '34586321', '1'),
('34586321Mi01', 1, 'Miercoles', '34586321', '0'),
('34586321Mi02', 2, 'Miercoles', '34586321', '1'),
('34586321Mi03', 3, 'Miercoles', '34586321', '0'),
('34586321Mi04', 4, 'Miercoles', '34586321', '1'),
('34586321Mi05', 5, 'Miercoles', '34586321', '0'),
('34586321Mi06', 6, 'Miercoles', '34586321', '0'),
('34586321Mi07', 7, 'Miercoles', '34586321', '1'),
('34586321Mi08', 8, 'Miercoles', '34586321', '1'),
('34586321Mi09', 9, 'Miercoles', '34586321', '0'),
('34586321Mi10', 10, 'Miercoles', '34586321', '0'),
('34586321Mi11', 11, 'Miercoles', '34586321', '1'),
('34586321Mi12', 12, 'Miercoles', '34586321', '1'),
('34586321Mi13', 13, 'Miercoles', '34586321', '1'),
('34586321Mi14', 14, 'Miercoles', '34586321', '0'),
('34586321Mi15', 15, 'Miercoles', '34586321', '1'),
('34586321Mi16', 16, 'Miercoles', '34586321', '0'),
('34586321Mi17', 17, 'Miercoles', '34586321', '0'),
('34586321Mi18', 18, 'Miercoles', '34586321', '1'),
('34586321Mi19', 19, 'Miercoles', '34586321', '1'),
('34586321Mi20', 20, 'Miercoles', '34586321', '0'),
('34586321Mi21', 21, 'Miercoles', '34586321', '1'),
('34586321Mi22', 22, 'Miercoles', '34586321', '0'),
('34586321Mi23', 23, 'Miercoles', '34586321', '1'),
('34586321Sa00', 0, 'Sabado', '34586321', '1'),
('34586321Sa01', 1, 'Sabado', '34586321', '0'),
('34586321Sa02', 2, 'Sabado', '34586321', '0'),
('34586321Sa03', 3, 'Sabado', '34586321', '0'),
('34586321Sa04', 4, 'Sabado', '34586321', '0'),
('34586321Sa05', 5, 'Sabado', '34586321', '1'),
('34586321Sa06', 6, 'Sabado', '34586321', '1'),
('34586321Sa07', 7, 'Sabado', '34586321', '1'),
('34586321Sa08', 8, 'Sabado', '34586321', '1'),
('34586321Sa09', 9, 'Sabado', '34586321', '0'),
('34586321Sa10', 10, 'Sabado', '34586321', '0'),
('34586321Sa11', 11, 'Sabado', '34586321', '0'),
('34586321Sa12', 12, 'Sabado', '34586321', '0'),
('34586321Sa13', 13, 'Sabado', '34586321', '1'),
('34586321Sa14', 14, 'Sabado', '34586321', '0'),
('34586321Sa15', 15, 'Sabado', '34586321', '0'),
('34586321Sa16', 16, 'Sabado', '34586321', '1'),
('34586321Sa17', 17, 'Sabado', '34586321', '1'),
('34586321Sa18', 18, 'Sabado', '34586321', '1'),
('34586321Sa19', 19, 'Sabado', '34586321', '1'),
('34586321Sa20', 20, 'Sabado', '34586321', '1'),
('34586321Sa21', 21, 'Sabado', '34586321', '0'),
('34586321Sa22', 22, 'Sabado', '34586321', '0'),
('34586321Sa23', 23, 'Sabado', '34586321', '1'),
('34586321Vi00', 0, 'Viernes', '34586321', '0'),
('34586321Vi01', 1, 'Viernes', '34586321', '1'),
('34586321Vi02', 2, 'Viernes', '34586321', '1'),
('34586321Vi03', 3, 'Viernes', '34586321', '1'),
('34586321Vi04', 4, 'Viernes', '34586321', '0'),
('34586321Vi05', 5, 'Viernes', '34586321', '1'),
('34586321Vi06', 6, 'Viernes', '34586321', '1'),
('34586321Vi07', 7, 'Viernes', '34586321', '1'),
('34586321Vi08', 8, 'Viernes', '34586321', '0'),
('34586321Vi09', 9, 'Viernes', '34586321', '1'),
('34586321Vi10', 10, 'Viernes', '34586321', '1'),
('34586321Vi11', 11, 'Viernes', '34586321', '1'),
('34586321Vi12', 12, 'Viernes', '34586321', '0'),
('34586321Vi13', 13, 'Viernes', '34586321', '1'),
('34586321Vi14', 14, 'Viernes', '34586321', '1'),
('34586321Vi15', 15, 'Viernes', '34586321', '1'),
('34586321Vi16', 16, 'Viernes', '34586321', '0'),
('34586321Vi17', 17, 'Viernes', '34586321', '0'),
('34586321Vi18', 18, 'Viernes', '34586321', '0'),
('34586321Vi19', 19, 'Viernes', '34586321', '0'),
('34586321Vi20', 20, 'Viernes', '34586321', '1'),
('34586321Vi21', 21, 'Viernes', '34586321', '0'),
('34586321Vi22', 22, 'Viernes', '34586321', '1'),
('34586321Vi23', 23, 'Viernes', '34586321', '1'),
('55586321Do00', 0, 'Domingo', '55586321', '1'),
('55586321Do01', 1, 'Domingo', '55586321', '1'),
('55586321Do02', 2, 'Domingo', '55586321', '1'),
('55586321Do03', 3, 'Domingo', '55586321', '0'),
('55586321Do04', 4, 'Domingo', '55586321', '0'),
('55586321Do05', 5, 'Domingo', '55586321', '0'),
('55586321Do06', 6, 'Domingo', '55586321', '1'),
('55586321Do07', 7, 'Domingo', '55586321', '0'),
('55586321Do08', 8, 'Domingo', '55586321', '0'),
('55586321Do09', 9, 'Domingo', '55586321', '0'),
('55586321Do10', 10, 'Domingo', '55586321', '1'),
('55586321Do11', 11, 'Domingo', '55586321', '1'),
('55586321Do12', 12, 'Domingo', '55586321', '1'),
('55586321Do13', 13, 'Domingo', '55586321', '0'),
('55586321Do14', 14, 'Domingo', '55586321', '0'),
('55586321Do15', 15, 'Domingo', '55586321', '0'),
('55586321Do16', 16, 'Domingo', '55586321', '0'),
('55586321Do17', 17, 'Domingo', '55586321', '1'),
('55586321Do18', 18, 'Domingo', '55586321', '0'),
('55586321Do19', 19, 'Domingo', '55586321', '1'),
('55586321Do20', 20, 'Domingo', '55586321', '0'),
('55586321Do21', 21, 'Domingo', '55586321', '1'),
('55586321Do22', 22, 'Domingo', '55586321', '1'),
('55586321Do23', 23, 'Domingo', '55586321', '1'),
('55586321Ju00', 0, 'Jueves', '55586321', '1'),
('55586321Ju01', 1, 'Jueves', '55586321', '1'),
('55586321Ju02', 2, 'Jueves', '55586321', '1'),
('55586321Ju03', 3, 'Jueves', '55586321', '1'),
('55586321Ju04', 4, 'Jueves', '55586321', '1'),
('55586321Ju05', 5, 'Jueves', '55586321', '0'),
('55586321Ju06', 6, 'Jueves', '55586321', '1'),
('55586321Ju07', 7, 'Jueves', '55586321', '0'),
('55586321Ju08', 8, 'Jueves', '55586321', '0'),
('55586321Ju09', 9, 'Jueves', '55586321', '1'),
('55586321Ju10', 10, 'Jueves', '55586321', '1'),
('55586321Ju11', 11, 'Jueves', '55586321', '0'),
('55586321Ju12', 12, 'Jueves', '55586321', '0'),
('55586321Ju13', 13, 'Jueves', '55586321', '1'),
('55586321Ju14', 14, 'Jueves', '55586321', '0'),
('55586321Ju15', 15, 'Jueves', '55586321', '1'),
('55586321Ju16', 16, 'Jueves', '55586321', '1'),
('55586321Ju17', 17, 'Jueves', '55586321', '0'),
('55586321Ju18', 18, 'Jueves', '55586321', '1'),
('55586321Ju19', 19, 'Jueves', '55586321', '1'),
('55586321Ju20', 20, 'Jueves', '55586321', '0'),
('55586321Ju21', 21, 'Jueves', '55586321', '1'),
('55586321Ju22', 22, 'Jueves', '55586321', '0'),
('55586321Ju23', 23, 'Jueves', '55586321', '0'),
('55586321Lu00', 0, 'Lunes', '55586321', '0'),
('55586321Lu01', 1, 'Lunes', '55586321', '1');
INSERT INTO `bloques` (`idbloques`, `hora_inicio`, `dia`, `medicos_dni`, `estado`) VALUES
('55586321Lu02', 2, 'Lunes', '55586321', '1'),
('55586321Lu03', 3, 'Lunes', '55586321', '1'),
('55586321Lu04', 4, 'Lunes', '55586321', '1'),
('55586321Lu05', 5, 'Lunes', '55586321', '0'),
('55586321Lu06', 6, 'Lunes', '55586321', '1'),
('55586321Lu07', 7, 'Lunes', '55586321', '1'),
('55586321Lu08', 8, 'Lunes', '55586321', '0'),
('55586321Lu09', 9, 'Lunes', '55586321', '0'),
('55586321Lu10', 10, 'Lunes', '55586321', '1'),
('55586321Lu11', 11, 'Lunes', '55586321', '0'),
('55586321Lu12', 12, 'Lunes', '55586321', '0'),
('55586321Lu13', 13, 'Lunes', '55586321', '1'),
('55586321Lu14', 14, 'Lunes', '55586321', '1'),
('55586321Lu15', 15, 'Lunes', '55586321', '0'),
('55586321Lu16', 16, 'Lunes', '55586321', '1'),
('55586321Lu17', 17, 'Lunes', '55586321', '1'),
('55586321Lu18', 18, 'Lunes', '55586321', '0'),
('55586321Lu19', 19, 'Lunes', '55586321', '0'),
('55586321Lu20', 20, 'Lunes', '55586321', '1'),
('55586321Lu21', 21, 'Lunes', '55586321', '0'),
('55586321Lu22', 22, 'Lunes', '55586321', '1'),
('55586321Lu23', 23, 'Lunes', '55586321', '1'),
('55586321Ma00', 0, 'Martes', '55586321', '1'),
('55586321Ma01', 1, 'Martes', '55586321', '0'),
('55586321Ma02', 2, 'Martes', '55586321', '1'),
('55586321Ma03', 3, 'Martes', '55586321', '1'),
('55586321Ma04', 4, 'Martes', '55586321', '1'),
('55586321Ma05', 5, 'Martes', '55586321', '0'),
('55586321Ma06', 6, 'Martes', '55586321', '0'),
('55586321Ma07', 7, 'Martes', '55586321', '0'),
('55586321Ma08', 8, 'Martes', '55586321', '0'),
('55586321Ma09', 9, 'Martes', '55586321', '1'),
('55586321Ma10', 10, 'Martes', '55586321', '1'),
('55586321Ma11', 11, 'Martes', '55586321', '0'),
('55586321Ma12', 12, 'Martes', '55586321', '1'),
('55586321Ma13', 13, 'Martes', '55586321', '1'),
('55586321Ma14', 14, 'Martes', '55586321', '0'),
('55586321Ma15', 15, 'Martes', '55586321', '0'),
('55586321Ma16', 16, 'Martes', '55586321', '0'),
('55586321Ma17', 17, 'Martes', '55586321', '0'),
('55586321Ma18', 18, 'Martes', '55586321', '0'),
('55586321Ma19', 19, 'Martes', '55586321', '1'),
('55586321Ma20', 20, 'Martes', '55586321', '0'),
('55586321Ma21', 21, 'Martes', '55586321', '1'),
('55586321Ma22', 22, 'Martes', '55586321', '1'),
('55586321Ma23', 23, 'Martes', '55586321', '0'),
('55586321Mi00', 0, 'Miercoles', '55586321', '1'),
('55586321Mi01', 1, 'Miercoles', '55586321', '1'),
('55586321Mi02', 2, 'Miercoles', '55586321', '1'),
('55586321Mi03', 3, 'Miercoles', '55586321', '1'),
('55586321Mi04', 4, 'Miercoles', '55586321', '1'),
('55586321Mi05', 5, 'Miercoles', '55586321', '1'),
('55586321Mi06', 6, 'Miercoles', '55586321', '0'),
('55586321Mi07', 7, 'Miercoles', '55586321', '0'),
('55586321Mi08', 8, 'Miercoles', '55586321', '0'),
('55586321Mi09', 9, 'Miercoles', '55586321', '0'),
('55586321Mi10', 10, 'Miercoles', '55586321', '1'),
('55586321Mi11', 11, 'Miercoles', '55586321', '0'),
('55586321Mi12', 12, 'Miercoles', '55586321', '1'),
('55586321Mi13', 13, 'Miercoles', '55586321', '0'),
('55586321Mi14', 14, 'Miercoles', '55586321', '1'),
('55586321Mi15', 15, 'Miercoles', '55586321', '0'),
('55586321Mi16', 16, 'Miercoles', '55586321', '0'),
('55586321Mi17', 17, 'Miercoles', '55586321', '0'),
('55586321Mi18', 18, 'Miercoles', '55586321', '1'),
('55586321Mi19', 19, 'Miercoles', '55586321', '1'),
('55586321Mi20', 20, 'Miercoles', '55586321', '1'),
('55586321Mi21', 21, 'Miercoles', '55586321', '1'),
('55586321Mi22', 22, 'Miercoles', '55586321', '0'),
('55586321Mi23', 23, 'Miercoles', '55586321', '0'),
('55586321Sa00', 0, 'Sabado', '55586321', '1'),
('55586321Sa01', 1, 'Sabado', '55586321', '0'),
('55586321Sa02', 2, 'Sabado', '55586321', '1'),
('55586321Sa03', 3, 'Sabado', '55586321', '1'),
('55586321Sa04', 4, 'Sabado', '55586321', '0'),
('55586321Sa05', 5, 'Sabado', '55586321', '0'),
('55586321Sa06', 6, 'Sabado', '55586321', '1'),
('55586321Sa07', 7, 'Sabado', '55586321', '1'),
('55586321Sa08', 8, 'Sabado', '55586321', '1'),
('55586321Sa09', 9, 'Sabado', '55586321', '0'),
('55586321Sa10', 10, 'Sabado', '55586321', '0'),
('55586321Sa11', 11, 'Sabado', '55586321', '1'),
('55586321Sa12', 12, 'Sabado', '55586321', '0'),
('55586321Sa13', 13, 'Sabado', '55586321', '1'),
('55586321Sa14', 14, 'Sabado', '55586321', '1'),
('55586321Sa15', 15, 'Sabado', '55586321', '1'),
('55586321Sa16', 16, 'Sabado', '55586321', '0'),
('55586321Sa17', 17, 'Sabado', '55586321', '1'),
('55586321Sa18', 18, 'Sabado', '55586321', '0'),
('55586321Sa19', 19, 'Sabado', '55586321', '1'),
('55586321Sa20', 20, 'Sabado', '55586321', '1'),
('55586321Sa21', 21, 'Sabado', '55586321', '1'),
('55586321Sa22', 22, 'Sabado', '55586321', '0'),
('55586321Sa23', 23, 'Sabado', '55586321', '0'),
('55586321Vi00', 0, 'Viernes', '55586321', '0'),
('55586321Vi01', 1, 'Viernes', '55586321', '1'),
('55586321Vi02', 2, 'Viernes', '55586321', '0'),
('55586321Vi03', 3, 'Viernes', '55586321', '0'),
('55586321Vi04', 4, 'Viernes', '55586321', '1'),
('55586321Vi05', 5, 'Viernes', '55586321', '1'),
('55586321Vi06', 6, 'Viernes', '55586321', '0'),
('55586321Vi07', 7, 'Viernes', '55586321', '1'),
('55586321Vi08', 8, 'Viernes', '55586321', '0'),
('55586321Vi09', 9, 'Viernes', '55586321', '1'),
('55586321Vi10', 10, 'Viernes', '55586321', '1'),
('55586321Vi11', 11, 'Viernes', '55586321', '0'),
('55586321Vi12', 12, 'Viernes', '55586321', '0'),
('55586321Vi13', 13, 'Viernes', '55586321', '1'),
('55586321Vi14', 14, 'Viernes', '55586321', '1'),
('55586321Vi15', 15, 'Viernes', '55586321', '0'),
('55586321Vi16', 16, 'Viernes', '55586321', '1'),
('55586321Vi17', 17, 'Viernes', '55586321', '1'),
('55586321Vi18', 18, 'Viernes', '55586321', '0'),
('55586321Vi19', 19, 'Viernes', '55586321', '1'),
('55586321Vi20', 20, 'Viernes', '55586321', '0'),
('55586321Vi21', 21, 'Viernes', '55586321', '1'),
('55586321Vi22', 22, 'Viernes', '55586321', '1'),
('55586321Vi23', 23, 'Viernes', '55586321', '1'),
('74586321Do00', 0, 'Domingo', '74586321', '0'),
('74586321Do01', 1, 'Domingo', '74586321', '0'),
('74586321Do02', 2, 'Domingo', '74586321', '0'),
('74586321Do03', 3, 'Domingo', '74586321', '0'),
('74586321Do04', 4, 'Domingo', '74586321', '1'),
('74586321Do05', 5, 'Domingo', '74586321', '1'),
('74586321Do06', 6, 'Domingo', '74586321', '1'),
('74586321Do07', 7, 'Domingo', '74586321', '0'),
('74586321Do08', 8, 'Domingo', '74586321', '0'),
('74586321Do09', 9, 'Domingo', '74586321', '1'),
('74586321Do10', 10, 'Domingo', '74586321', '0'),
('74586321Do11', 11, 'Domingo', '74586321', '0'),
('74586321Do12', 12, 'Domingo', '74586321', '1'),
('74586321Do13', 13, 'Domingo', '74586321', '1'),
('74586321Do14', 14, 'Domingo', '74586321', '0'),
('74586321Do15', 15, 'Domingo', '74586321', '0'),
('74586321Do16', 16, 'Domingo', '74586321', '0'),
('74586321Do17', 17, 'Domingo', '74586321', '1'),
('74586321Do18', 18, 'Domingo', '74586321', '1'),
('74586321Do19', 19, 'Domingo', '74586321', '1'),
('74586321Do20', 20, 'Domingo', '74586321', '1'),
('74586321Do21', 21, 'Domingo', '74586321', '1'),
('74586321Do22', 22, 'Domingo', '74586321', '1'),
('74586321Do23', 23, 'Domingo', '74586321', '1'),
('74586321Ju00', 0, 'Jueves', '74586321', '1'),
('74586321Ju01', 1, 'Jueves', '74586321', '1'),
('74586321Ju02', 2, 'Jueves', '74586321', '0'),
('74586321Ju03', 3, 'Jueves', '74586321', '1'),
('74586321Ju04', 4, 'Jueves', '74586321', '0'),
('74586321Ju05', 5, 'Jueves', '74586321', '0'),
('74586321Ju06', 6, 'Jueves', '74586321', '1'),
('74586321Ju07', 7, 'Jueves', '74586321', '0'),
('74586321Ju08', 8, 'Jueves', '74586321', '1'),
('74586321Ju09', 9, 'Jueves', '74586321', '1'),
('74586321Ju10', 10, 'Jueves', '74586321', '1'),
('74586321Ju11', 11, 'Jueves', '74586321', '0'),
('74586321Ju12', 12, 'Jueves', '74586321', '1'),
('74586321Ju13', 13, 'Jueves', '74586321', '0'),
('74586321Ju14', 14, 'Jueves', '74586321', '1'),
('74586321Ju15', 15, 'Jueves', '74586321', '0'),
('74586321Ju16', 16, 'Jueves', '74586321', '1'),
('74586321Ju17', 17, 'Jueves', '74586321', '0'),
('74586321Ju18', 18, 'Jueves', '74586321', '0'),
('74586321Ju19', 19, 'Jueves', '74586321', '1'),
('74586321Ju20', 20, 'Jueves', '74586321', '0'),
('74586321Ju21', 21, 'Jueves', '74586321', '0'),
('74586321Ju22', 22, 'Jueves', '74586321', '0'),
('74586321Ju23', 23, 'Jueves', '74586321', '0'),
('74586321Lu00', 0, 'Lunes', '74586321', '0'),
('74586321Lu01', 1, 'Lunes', '74586321', '1'),
('74586321Lu02', 2, 'Lunes', '74586321', '1'),
('74586321Lu03', 3, 'Lunes', '74586321', '0'),
('74586321Lu04', 4, 'Lunes', '74586321', '1'),
('74586321Lu05', 5, 'Lunes', '74586321', '1'),
('74586321Lu06', 6, 'Lunes', '74586321', '0'),
('74586321Lu07', 7, 'Lunes', '74586321', '0'),
('74586321Lu08', 8, 'Lunes', '74586321', '0'),
('74586321Lu09', 9, 'Lunes', '74586321', '1'),
('74586321Lu10', 10, 'Lunes', '74586321', '0'),
('74586321Lu11', 11, 'Lunes', '74586321', '0'),
('74586321Lu12', 12, 'Lunes', '74586321', '1'),
('74586321Lu13', 13, 'Lunes', '74586321', '1'),
('74586321Lu14', 14, 'Lunes', '74586321', '0'),
('74586321Lu15', 15, 'Lunes', '74586321', '0'),
('74586321Lu16', 16, 'Lunes', '74586321', '1'),
('74586321Lu17', 17, 'Lunes', '74586321', '1'),
('74586321Lu18', 18, 'Lunes', '74586321', '1'),
('74586321Lu19', 19, 'Lunes', '74586321', '1'),
('74586321Lu20', 20, 'Lunes', '74586321', '1'),
('74586321Lu21', 21, 'Lunes', '74586321', '1'),
('74586321Lu22', 22, 'Lunes', '74586321', '0'),
('74586321Lu23', 23, 'Lunes', '74586321', '0'),
('74586321Ma00', 0, 'Martes', '74586321', '0'),
('74586321Ma01', 1, 'Martes', '74586321', '0'),
('74586321Ma02', 2, 'Martes', '74586321', '0'),
('74586321Ma03', 3, 'Martes', '74586321', '1'),
('74586321Ma04', 4, 'Martes', '74586321', '0'),
('74586321Ma05', 5, 'Martes', '74586321', '0'),
('74586321Ma06', 6, 'Martes', '74586321', '1'),
('74586321Ma07', 7, 'Martes', '74586321', '0'),
('74586321Ma08', 8, 'Martes', '74586321', '0'),
('74586321Ma09', 9, 'Martes', '74586321', '1'),
('74586321Ma10', 10, 'Martes', '74586321', '0'),
('74586321Ma11', 11, 'Martes', '74586321', '1'),
('74586321Ma12', 12, 'Martes', '74586321', '1'),
('74586321Ma13', 13, 'Martes', '74586321', '0'),
('74586321Ma14', 14, 'Martes', '74586321', '1'),
('74586321Ma15', 15, 'Martes', '74586321', '1'),
('74586321Ma16', 16, 'Martes', '74586321', '0'),
('74586321Ma17', 17, 'Martes', '74586321', '1'),
('74586321Ma18', 18, 'Martes', '74586321', '1'),
('74586321Ma19', 19, 'Martes', '74586321', '1'),
('74586321Ma20', 20, 'Martes', '74586321', '1'),
('74586321Ma21', 21, 'Martes', '74586321', '1'),
('74586321Ma22', 22, 'Martes', '74586321', '1'),
('74586321Ma23', 23, 'Martes', '74586321', '0'),
('74586321Mi00', 0, 'Miercoles', '74586321', '1'),
('74586321Mi01', 1, 'Miercoles', '74586321', '1'),
('74586321Mi02', 2, 'Miercoles', '74586321', '1'),
('74586321Mi03', 3, 'Miercoles', '74586321', '0'),
('74586321Mi04', 4, 'Miercoles', '74586321', '0'),
('74586321Mi05', 5, 'Miercoles', '74586321', '1'),
('74586321Mi06', 6, 'Miercoles', '74586321', '0'),
('74586321Mi07', 7, 'Miercoles', '74586321', '1'),
('74586321Mi08', 8, 'Miercoles', '74586321', '0'),
('74586321Mi09', 9, 'Miercoles', '74586321', '0'),
('74586321Mi10', 10, 'Miercoles', '74586321', '0'),
('74586321Mi11', 11, 'Miercoles', '74586321', '0'),
('74586321Mi12', 12, 'Miercoles', '74586321', '1'),
('74586321Mi13', 13, 'Miercoles', '74586321', '0'),
('74586321Mi14', 14, 'Miercoles', '74586321', '0'),
('74586321Mi15', 15, 'Miercoles', '74586321', '1'),
('74586321Mi16', 16, 'Miercoles', '74586321', '1'),
('74586321Mi17', 17, 'Miercoles', '74586321', '1'),
('74586321Mi18', 18, 'Miercoles', '74586321', '1'),
('74586321Mi19', 19, 'Miercoles', '74586321', '0'),
('74586321Mi20', 20, 'Miercoles', '74586321', '1'),
('74586321Mi21', 21, 'Miercoles', '74586321', '1'),
('74586321Mi22', 22, 'Miercoles', '74586321', '0'),
('74586321Mi23', 23, 'Miercoles', '74586321', '0'),
('74586321Sa00', 0, 'Sabado', '74586321', '0'),
('74586321Sa01', 1, 'Sabado', '74586321', '0'),
('74586321Sa02', 2, 'Sabado', '74586321', '1'),
('74586321Sa03', 3, 'Sabado', '74586321', '0'),
('74586321Sa04', 4, 'Sabado', '74586321', '1'),
('74586321Sa05', 5, 'Sabado', '74586321', '0'),
('74586321Sa06', 6, 'Sabado', '74586321', '1'),
('74586321Sa07', 7, 'Sabado', '74586321', '0'),
('74586321Sa08', 8, 'Sabado', '74586321', '0'),
('74586321Sa09', 9, 'Sabado', '74586321', '0'),
('74586321Sa10', 10, 'Sabado', '74586321', '1'),
('74586321Sa11', 11, 'Sabado', '74586321', '1'),
('74586321Sa12', 12, 'Sabado', '74586321', '0'),
('74586321Sa13', 13, 'Sabado', '74586321', '1'),
('74586321Sa14', 14, 'Sabado', '74586321', '1'),
('74586321Sa15', 15, 'Sabado', '74586321', '1'),
('74586321Sa16', 16, 'Sabado', '74586321', '0'),
('74586321Sa17', 17, 'Sabado', '74586321', '0'),
('74586321Sa18', 18, 'Sabado', '74586321', '1'),
('74586321Sa19', 19, 'Sabado', '74586321', '1'),
('74586321Sa20', 20, 'Sabado', '74586321', '0'),
('74586321Sa21', 21, 'Sabado', '74586321', '1'),
('74586321Sa22', 22, 'Sabado', '74586321', '0'),
('74586321Sa23', 23, 'Sabado', '74586321', '1'),
('74586321Vi00', 0, 'Viernes', '74586321', '1'),
('74586321Vi01', 1, 'Viernes', '74586321', '1'),
('74586321Vi02', 2, 'Viernes', '74586321', '0'),
('74586321Vi03', 3, 'Viernes', '74586321', '0'),
('74586321Vi04', 4, 'Viernes', '74586321', '1'),
('74586321Vi05', 5, 'Viernes', '74586321', '1'),
('74586321Vi06', 6, 'Viernes', '74586321', '0'),
('74586321Vi07', 7, 'Viernes', '74586321', '1'),
('74586321Vi08', 8, 'Viernes', '74586321', '1'),
('74586321Vi09', 9, 'Viernes', '74586321', '0'),
('74586321Vi10', 10, 'Viernes', '74586321', '1'),
('74586321Vi11', 11, 'Viernes', '74586321', '1'),
('74586321Vi12', 12, 'Viernes', '74586321', '1'),
('74586321Vi13', 13, 'Viernes', '74586321', '0'),
('74586321Vi14', 14, 'Viernes', '74586321', '0'),
('74586321Vi15', 15, 'Viernes', '74586321', '1'),
('74586321Vi16', 16, 'Viernes', '74586321', '1'),
('74586321Vi17', 17, 'Viernes', '74586321', '1'),
('74586321Vi18', 18, 'Viernes', '74586321', '1'),
('74586321Vi19', 19, 'Viernes', '74586321', '0'),
('74586321Vi20', 20, 'Viernes', '74586321', '0'),
('74586321Vi21', 21, 'Viernes', '74586321', '0'),
('74586321Vi22', 22, 'Viernes', '74586321', '0'),
('74586321Vi23', 23, 'Viernes', '74586321', '1'),
('74586345Do00', 0, 'Domingo', '74586345', '1'),
('74586345Do01', 1, 'Domingo', '74586345', '0'),
('74586345Do02', 2, 'Domingo', '74586345', '1'),
('74586345Do03', 3, 'Domingo', '74586345', '1'),
('74586345Do04', 4, 'Domingo', '74586345', '1'),
('74586345Do05', 5, 'Domingo', '74586345', '0'),
('74586345Do06', 6, 'Domingo', '74586345', '0'),
('74586345Do07', 7, 'Domingo', '74586345', '0'),
('74586345Do08', 8, 'Domingo', '74586345', '1'),
('74586345Do09', 9, 'Domingo', '74586345', '0'),
('74586345Do10', 10, 'Domingo', '74586345', '1'),
('74586345Do11', 11, 'Domingo', '74586345', '1'),
('74586345Do12', 12, 'Domingo', '74586345', '0'),
('74586345Do13', 13, 'Domingo', '74586345', '0'),
('74586345Do14', 14, 'Domingo', '74586345', '0'),
('74586345Do15', 15, 'Domingo', '74586345', '1'),
('74586345Do16', 16, 'Domingo', '74586345', '1'),
('74586345Do17', 17, 'Domingo', '74586345', '1'),
('74586345Do18', 18, 'Domingo', '74586345', '0'),
('74586345Do19', 19, 'Domingo', '74586345', '1'),
('74586345Do20', 20, 'Domingo', '74586345', '0'),
('74586345Do21', 21, 'Domingo', '74586345', '1'),
('74586345Do22', 22, 'Domingo', '74586345', '0'),
('74586345Do23', 23, 'Domingo', '74586345', '1'),
('74586345Ju00', 0, 'Jueves', '74586345', '1'),
('74586345Ju01', 1, 'Jueves', '74586345', '1'),
('74586345Ju02', 2, 'Jueves', '74586345', '1'),
('74586345Ju03', 3, 'Jueves', '74586345', '1'),
('74586345Ju04', 4, 'Jueves', '74586345', '0'),
('74586345Ju05', 5, 'Jueves', '74586345', '1'),
('74586345Ju06', 6, 'Jueves', '74586345', '1'),
('74586345Ju07', 7, 'Jueves', '74586345', '1'),
('74586345Ju08', 8, 'Jueves', '74586345', '1'),
('74586345Ju09', 9, 'Jueves', '74586345', '1'),
('74586345Ju10', 10, 'Jueves', '74586345', '0'),
('74586345Ju11', 11, 'Jueves', '74586345', '0'),
('74586345Ju12', 12, 'Jueves', '74586345', '1'),
('74586345Ju13', 13, 'Jueves', '74586345', '0'),
('74586345Ju14', 14, 'Jueves', '74586345', '0'),
('74586345Ju15', 15, 'Jueves', '74586345', '0'),
('74586345Ju16', 16, 'Jueves', '74586345', '0'),
('74586345Ju17', 17, 'Jueves', '74586345', '1'),
('74586345Ju18', 18, 'Jueves', '74586345', '1'),
('74586345Ju19', 19, 'Jueves', '74586345', '0'),
('74586345Ju20', 20, 'Jueves', '74586345', '0'),
('74586345Ju21', 21, 'Jueves', '74586345', '0'),
('74586345Ju22', 22, 'Jueves', '74586345', '1'),
('74586345Ju23', 23, 'Jueves', '74586345', '1'),
('74586345Lu00', 0, 'Lunes', '74586345', '1'),
('74586345Lu01', 1, 'Lunes', '74586345', '0'),
('74586345Lu02', 2, 'Lunes', '74586345', '1'),
('74586345Lu03', 3, 'Lunes', '74586345', '0'),
('74586345Lu04', 4, 'Lunes', '74586345', '1'),
('74586345Lu05', 5, 'Lunes', '74586345', '0'),
('74586345Lu06', 6, 'Lunes', '74586345', '0'),
('74586345Lu07', 7, 'Lunes', '74586345', '1'),
('74586345Lu08', 8, 'Lunes', '74586345', '0'),
('74586345Lu09', 9, 'Lunes', '74586345', '1'),
('74586345Lu10', 10, 'Lunes', '74586345', '0'),
('74586345Lu11', 11, 'Lunes', '74586345', '1'),
('74586345Lu12', 12, 'Lunes', '74586345', '0'),
('74586345Lu13', 13, 'Lunes', '74586345', '1'),
('74586345Lu14', 14, 'Lunes', '74586345', '0'),
('74586345Lu15', 15, 'Lunes', '74586345', '1'),
('74586345Lu16', 16, 'Lunes', '74586345', '1'),
('74586345Lu17', 17, 'Lunes', '74586345', '1'),
('74586345Lu18', 18, 'Lunes', '74586345', '1'),
('74586345Lu19', 19, 'Lunes', '74586345', '1'),
('74586345Lu20', 20, 'Lunes', '74586345', '1'),
('74586345Lu21', 21, 'Lunes', '74586345', '1'),
('74586345Lu22', 22, 'Lunes', '74586345', '0'),
('74586345Lu23', 23, 'Lunes', '74586345', '0'),
('74586345Ma00', 0, 'Martes', '74586345', '0'),
('74586345Ma01', 1, 'Martes', '74586345', '1'),
('74586345Ma02', 2, 'Martes', '74586345', '1'),
('74586345Ma03', 3, 'Martes', '74586345', '1'),
('74586345Ma04', 4, 'Martes', '74586345', '0'),
('74586345Ma05', 5, 'Martes', '74586345', '1'),
('74586345Ma06', 6, 'Martes', '74586345', '0'),
('74586345Ma07', 7, 'Martes', '74586345', '1'),
('74586345Ma08', 8, 'Martes', '74586345', '0'),
('74586345Ma09', 9, 'Martes', '74586345', '0'),
('74586345Ma10', 10, 'Martes', '74586345', '0'),
('74586345Ma11', 11, 'Martes', '74586345', '0'),
('74586345Ma12', 12, 'Martes', '74586345', '1'),
('74586345Ma13', 13, 'Martes', '74586345', '0'),
('74586345Ma14', 14, 'Martes', '74586345', '1'),
('74586345Ma15', 15, 'Martes', '74586345', '1'),
('74586345Ma16', 16, 'Martes', '74586345', '0'),
('74586345Ma17', 17, 'Martes', '74586345', '0'),
('74586345Ma18', 18, 'Martes', '74586345', '1'),
('74586345Ma19', 19, 'Martes', '74586345', '1'),
('74586345Ma20', 20, 'Martes', '74586345', '1'),
('74586345Ma21', 21, 'Martes', '74586345', '1'),
('74586345Ma22', 22, 'Martes', '74586345', '1'),
('74586345Ma23', 23, 'Martes', '74586345', '0'),
('74586345Mi00', 0, 'Miercoles', '74586345', '1'),
('74586345Mi01', 1, 'Miercoles', '74586345', '0'),
('74586345Mi02', 2, 'Miercoles', '74586345', '1'),
('74586345Mi03', 3, 'Miercoles', '74586345', '0'),
('74586345Mi04', 4, 'Miercoles', '74586345', '1'),
('74586345Mi05', 5, 'Miercoles', '74586345', '1'),
('74586345Mi06', 6, 'Miercoles', '74586345', '0'),
('74586345Mi07', 7, 'Miercoles', '74586345', '1'),
('74586345Mi08', 8, 'Miercoles', '74586345', '1'),
('74586345Mi09', 9, 'Miercoles', '74586345', '0'),
('74586345Mi10', 10, 'Miercoles', '74586345', '1'),
('74586345Mi11', 11, 'Miercoles', '74586345', '1'),
('74586345Mi12', 12, 'Miercoles', '74586345', '1'),
('74586345Mi13', 13, 'Miercoles', '74586345', '0'),
('74586345Mi14', 14, 'Miercoles', '74586345', '0'),
('74586345Mi15', 15, 'Miercoles', '74586345', '1'),
('74586345Mi16', 16, 'Miercoles', '74586345', '1'),
('74586345Mi17', 17, 'Miercoles', '74586345', '1'),
('74586345Mi18', 18, 'Miercoles', '74586345', '0'),
('74586345Mi19', 19, 'Miercoles', '74586345', '0'),
('74586345Mi20', 20, 'Miercoles', '74586345', '1'),
('74586345Mi21', 21, 'Miercoles', '74586345', '1'),
('74586345Mi22', 22, 'Miercoles', '74586345', '1'),
('74586345Mi23', 23, 'Miercoles', '74586345', '0'),
('74586345Sa00', 0, 'Sabado', '74586345', '1'),
('74586345Sa01', 1, 'Sabado', '74586345', '0'),
('74586345Sa02', 2, 'Sabado', '74586345', '0'),
('74586345Sa03', 3, 'Sabado', '74586345', '1'),
('74586345Sa04', 4, 'Sabado', '74586345', '0'),
('74586345Sa05', 5, 'Sabado', '74586345', '1'),
('74586345Sa06', 6, 'Sabado', '74586345', '1'),
('74586345Sa07', 7, 'Sabado', '74586345', '0'),
('74586345Sa08', 8, 'Sabado', '74586345', '0'),
('74586345Sa09', 9, 'Sabado', '74586345', '0'),
('74586345Sa10', 10, 'Sabado', '74586345', '1'),
('74586345Sa11', 11, 'Sabado', '74586345', '0'),
('74586345Sa12', 12, 'Sabado', '74586345', '0'),
('74586345Sa13', 13, 'Sabado', '74586345', '1'),
('74586345Sa14', 14, 'Sabado', '74586345', '1'),
('74586345Sa15', 15, 'Sabado', '74586345', '1'),
('74586345Sa16', 16, 'Sabado', '74586345', '0'),
('74586345Sa17', 17, 'Sabado', '74586345', '1'),
('74586345Sa18', 18, 'Sabado', '74586345', '0'),
('74586345Sa19', 19, 'Sabado', '74586345', '1'),
('74586345Sa20', 20, 'Sabado', '74586345', '0'),
('74586345Sa21', 21, 'Sabado', '74586345', '0'),
('74586345Sa22', 22, 'Sabado', '74586345', '0'),
('74586345Sa23', 23, 'Sabado', '74586345', '1'),
('74586345Vi00', 0, 'Viernes', '74586345', '1'),
('74586345Vi01', 1, 'Viernes', '74586345', '1'),
('74586345Vi02', 2, 'Viernes', '74586345', '1'),
('74586345Vi03', 3, 'Viernes', '74586345', '0'),
('74586345Vi04', 4, 'Viernes', '74586345', '1'),
('74586345Vi05', 5, 'Viernes', '74586345', '0'),
('74586345Vi06', 6, 'Viernes', '74586345', '0'),
('74586345Vi07', 7, 'Viernes', '74586345', '0'),
('74586345Vi08', 8, 'Viernes', '74586345', '1'),
('74586345Vi09', 9, 'Viernes', '74586345', '0'),
('74586345Vi10', 10, 'Viernes', '74586345', '1'),
('74586345Vi11', 11, 'Viernes', '74586345', '1'),
('74586345Vi12', 12, 'Viernes', '74586345', '1'),
('74586345Vi13', 13, 'Viernes', '74586345', '0'),
('74586345Vi14', 14, 'Viernes', '74586345', '1'),
('74586345Vi15', 15, 'Viernes', '74586345', '1'),
('74586345Vi16', 16, 'Viernes', '74586345', '1'),
('74586345Vi17', 17, 'Viernes', '74586345', '1'),
('74586345Vi18', 18, 'Viernes', '74586345', '1'),
('74586345Vi19', 19, 'Viernes', '74586345', '1'),
('74586345Vi20', 20, 'Viernes', '74586345', '0'),
('74586345Vi21', 21, 'Viernes', '74586345', '1'),
('74586345Vi22', 22, 'Viernes', '74586345', '1'),
('74586345Vi23', 23, 'Viernes', '74586345', '1'),
('77346321Do00', 0, 'Domingo', '77346321', '0'),
('77346321Do01', 1, 'Domingo', '77346321', '0'),
('77346321Do02', 2, 'Domingo', '77346321', '1'),
('77346321Do03', 3, 'Domingo', '77346321', '1'),
('77346321Do04', 4, 'Domingo', '77346321', '0'),
('77346321Do05', 5, 'Domingo', '77346321', '1'),
('77346321Do06', 6, 'Domingo', '77346321', '0'),
('77346321Do07', 7, 'Domingo', '77346321', '0'),
('77346321Do08', 8, 'Domingo', '77346321', '1'),
('77346321Do09', 9, 'Domingo', '77346321', '0'),
('77346321Do10', 10, 'Domingo', '77346321', '1'),
('77346321Do11', 11, 'Domingo', '77346321', '1'),
('77346321Do12', 12, 'Domingo', '77346321', '0'),
('77346321Do13', 13, 'Domingo', '77346321', '0'),
('77346321Do14', 14, 'Domingo', '77346321', '1'),
('77346321Do15', 15, 'Domingo', '77346321', '1'),
('77346321Do16', 16, 'Domingo', '77346321', '1'),
('77346321Do17', 17, 'Domingo', '77346321', '1'),
('77346321Do18', 18, 'Domingo', '77346321', '1'),
('77346321Do19', 19, 'Domingo', '77346321', '0'),
('77346321Do20', 20, 'Domingo', '77346321', '0'),
('77346321Do21', 21, 'Domingo', '77346321', '1'),
('77346321Do22', 22, 'Domingo', '77346321', '0'),
('77346321Do23', 23, 'Domingo', '77346321', '0'),
('77346321Ju00', 0, 'Jueves', '77346321', '1'),
('77346321Ju01', 1, 'Jueves', '77346321', '1'),
('77346321Ju02', 2, 'Jueves', '77346321', '1'),
('77346321Ju03', 3, 'Jueves', '77346321', '1'),
('77346321Ju04', 4, 'Jueves', '77346321', '1'),
('77346321Ju05', 5, 'Jueves', '77346321', '0'),
('77346321Ju06', 6, 'Jueves', '77346321', '0'),
('77346321Ju07', 7, 'Jueves', '77346321', '1'),
('77346321Ju08', 8, 'Jueves', '77346321', '1'),
('77346321Ju09', 9, 'Jueves', '77346321', '0'),
('77346321Ju10', 10, 'Jueves', '77346321', '1'),
('77346321Ju11', 11, 'Jueves', '77346321', '0'),
('77346321Ju12', 12, 'Jueves', '77346321', '0'),
('77346321Ju13', 13, 'Jueves', '77346321', '0'),
('77346321Ju14', 14, 'Jueves', '77346321', '1'),
('77346321Ju15', 15, 'Jueves', '77346321', '0'),
('77346321Ju16', 16, 'Jueves', '77346321', '1'),
('77346321Ju17', 17, 'Jueves', '77346321', '1'),
('77346321Ju18', 18, 'Jueves', '77346321', '1'),
('77346321Ju19', 19, 'Jueves', '77346321', '1'),
('77346321Ju20', 20, 'Jueves', '77346321', '1'),
('77346321Ju21', 21, 'Jueves', '77346321', '0'),
('77346321Ju22', 22, 'Jueves', '77346321', '0'),
('77346321Ju23', 23, 'Jueves', '77346321', '1'),
('77346321Lu00', 0, 'Lunes', '77346321', '1'),
('77346321Lu01', 1, 'Lunes', '77346321', '0'),
('77346321Lu02', 2, 'Lunes', '77346321', '1'),
('77346321Lu03', 3, 'Lunes', '77346321', '1'),
('77346321Lu04', 4, 'Lunes', '77346321', '1'),
('77346321Lu05', 5, 'Lunes', '77346321', '0'),
('77346321Lu06', 6, 'Lunes', '77346321', '1'),
('77346321Lu07', 7, 'Lunes', '77346321', '1'),
('77346321Lu08', 8, 'Lunes', '77346321', '0'),
('77346321Lu09', 9, 'Lunes', '77346321', '1'),
('77346321Lu10', 10, 'Lunes', '77346321', '0'),
('77346321Lu11', 11, 'Lunes', '77346321', '0'),
('77346321Lu12', 12, 'Lunes', '77346321', '1'),
('77346321Lu13', 13, 'Lunes', '77346321', '1'),
('77346321Lu14', 14, 'Lunes', '77346321', '1'),
('77346321Lu15', 15, 'Lunes', '77346321', '1'),
('77346321Lu16', 16, 'Lunes', '77346321', '1'),
('77346321Lu17', 17, 'Lunes', '77346321', '1'),
('77346321Lu18', 18, 'Lunes', '77346321', '1'),
('77346321Lu19', 19, 'Lunes', '77346321', '0'),
('77346321Lu20', 20, 'Lunes', '77346321', '0'),
('77346321Lu21', 21, 'Lunes', '77346321', '1'),
('77346321Lu22', 22, 'Lunes', '77346321', '0'),
('77346321Lu23', 23, 'Lunes', '77346321', '0'),
('77346321Ma00', 0, 'Martes', '77346321', '1'),
('77346321Ma01', 1, 'Martes', '77346321', '1'),
('77346321Ma02', 2, 'Martes', '77346321', '0'),
('77346321Ma03', 3, 'Martes', '77346321', '0'),
('77346321Ma04', 4, 'Martes', '77346321', '0'),
('77346321Ma05', 5, 'Martes', '77346321', '1'),
('77346321Ma06', 6, 'Martes', '77346321', '0'),
('77346321Ma07', 7, 'Martes', '77346321', '1'),
('77346321Ma08', 8, 'Martes', '77346321', '0'),
('77346321Ma09', 9, 'Martes', '77346321', '0'),
('77346321Ma10', 10, 'Martes', '77346321', '1'),
('77346321Ma11', 11, 'Martes', '77346321', '0'),
('77346321Ma12', 12, 'Martes', '77346321', '0'),
('77346321Ma13', 13, 'Martes', '77346321', '0'),
('77346321Ma14', 14, 'Martes', '77346321', '0'),
('77346321Ma15', 15, 'Martes', '77346321', '0'),
('77346321Ma16', 16, 'Martes', '77346321', '1'),
('77346321Ma17', 17, 'Martes', '77346321', '0'),
('77346321Ma18', 18, 'Martes', '77346321', '0'),
('77346321Ma19', 19, 'Martes', '77346321', '1'),
('77346321Ma20', 20, 'Martes', '77346321', '0'),
('77346321Ma21', 21, 'Martes', '77346321', '0'),
('77346321Ma22', 22, 'Martes', '77346321', '1'),
('77346321Ma23', 23, 'Martes', '77346321', '1'),
('77346321Mi00', 0, 'Miercoles', '77346321', '1'),
('77346321Mi01', 1, 'Miercoles', '77346321', '1'),
('77346321Mi02', 2, 'Miercoles', '77346321', '1'),
('77346321Mi03', 3, 'Miercoles', '77346321', '1'),
('77346321Mi04', 4, 'Miercoles', '77346321', '0'),
('77346321Mi05', 5, 'Miercoles', '77346321', '1'),
('77346321Mi06', 6, 'Miercoles', '77346321', '0'),
('77346321Mi07', 7, 'Miercoles', '77346321', '1'),
('77346321Mi08', 8, 'Miercoles', '77346321', '0'),
('77346321Mi09', 9, 'Miercoles', '77346321', '1'),
('77346321Mi10', 10, 'Miercoles', '77346321', '0'),
('77346321Mi11', 11, 'Miercoles', '77346321', '1'),
('77346321Mi12', 12, 'Miercoles', '77346321', '1'),
('77346321Mi13', 13, 'Miercoles', '77346321', '1'),
('77346321Mi14', 14, 'Miercoles', '77346321', '0'),
('77346321Mi15', 15, 'Miercoles', '77346321', '0'),
('77346321Mi16', 16, 'Miercoles', '77346321', '1'),
('77346321Mi17', 17, 'Miercoles', '77346321', '1'),
('77346321Mi18', 18, 'Miercoles', '77346321', '1'),
('77346321Mi19', 19, 'Miercoles', '77346321', '0'),
('77346321Mi20', 20, 'Miercoles', '77346321', '0'),
('77346321Mi21', 21, 'Miercoles', '77346321', '1'),
('77346321Mi22', 22, 'Miercoles', '77346321', '0'),
('77346321Mi23', 23, 'Miercoles', '77346321', '0'),
('77346321Sa00', 0, 'Sabado', '77346321', '1'),
('77346321Sa01', 1, 'Sabado', '77346321', '1'),
('77346321Sa02', 2, 'Sabado', '77346321', '1'),
('77346321Sa03', 3, 'Sabado', '77346321', '0'),
('77346321Sa04', 4, 'Sabado', '77346321', '1'),
('77346321Sa05', 5, 'Sabado', '77346321', '1'),
('77346321Sa06', 6, 'Sabado', '77346321', '1'),
('77346321Sa07', 7, 'Sabado', '77346321', '0'),
('77346321Sa08', 8, 'Sabado', '77346321', '1'),
('77346321Sa09', 9, 'Sabado', '77346321', '1'),
('77346321Sa10', 10, 'Sabado', '77346321', '0'),
('77346321Sa11', 11, 'Sabado', '77346321', '1'),
('77346321Sa12', 12, 'Sabado', '77346321', '1'),
('77346321Sa13', 13, 'Sabado', '77346321', '0'),
('77346321Sa14', 14, 'Sabado', '77346321', '0'),
('77346321Sa15', 15, 'Sabado', '77346321', '1'),
('77346321Sa16', 16, 'Sabado', '77346321', '0'),
('77346321Sa17', 17, 'Sabado', '77346321', '0'),
('77346321Sa18', 18, 'Sabado', '77346321', '0'),
('77346321Sa19', 19, 'Sabado', '77346321', '1'),
('77346321Sa20', 20, 'Sabado', '77346321', '0'),
('77346321Sa21', 21, 'Sabado', '77346321', '0'),
('77346321Sa22', 22, 'Sabado', '77346321', '0'),
('77346321Sa23', 23, 'Sabado', '77346321', '0'),
('77346321Vi00', 0, 'Viernes', '77346321', '0'),
('77346321Vi01', 1, 'Viernes', '77346321', '1'),
('77346321Vi02', 2, 'Viernes', '77346321', '0'),
('77346321Vi03', 3, 'Viernes', '77346321', '0'),
('77346321Vi04', 4, 'Viernes', '77346321', '1'),
('77346321Vi05', 5, 'Viernes', '77346321', '1'),
('77346321Vi06', 6, 'Viernes', '77346321', '0'),
('77346321Vi07', 7, 'Viernes', '77346321', '0'),
('77346321Vi08', 8, 'Viernes', '77346321', '0'),
('77346321Vi09', 9, 'Viernes', '77346321', '1'),
('77346321Vi10', 10, 'Viernes', '77346321', '0'),
('77346321Vi11', 11, 'Viernes', '77346321', '1'),
('77346321Vi12', 12, 'Viernes', '77346321', '0'),
('77346321Vi13', 13, 'Viernes', '77346321', '0'),
('77346321Vi14', 14, 'Viernes', '77346321', '0'),
('77346321Vi15', 15, 'Viernes', '77346321', '0'),
('77346321Vi16', 16, 'Viernes', '77346321', '0'),
('77346321Vi17', 17, 'Viernes', '77346321', '0'),
('77346321Vi18', 18, 'Viernes', '77346321', '0'),
('77346321Vi19', 19, 'Viernes', '77346321', '0'),
('77346321Vi20', 20, 'Viernes', '77346321', '1'),
('77346321Vi21', 21, 'Viernes', '77346321', '0'),
('77346321Vi22', 22, 'Viernes', '77346321', '1'),
('77346321Vi23', 23, 'Viernes', '77346321', '1');

-- --------------------------------------------------------

--
-- Estructura de tabla para la tabla `citas`
--

CREATE TABLE IF NOT EXISTS `citas` (
  `id` int(17) NOT NULL,
  `fecha_cita` date NOT NULL,
  `fecha_reserva` date NOT NULL,
  `estado` tinyint(1) NOT NULL,
  `pacientes_dni` char(8) NOT NULL,
  `bloques_idbloques` varchar(12) NOT NULL
) ENGINE=InnoDB AUTO_INCREMENT=5 DEFAULT CHARSET=latin1;

--
-- Volcado de datos para la tabla `citas`
--

INSERT INTO `citas` (`id`, `fecha_cita`, `fecha_reserva`, `estado`, `pacientes_dni`, `bloques_idbloques`) VALUES
(1, '2017-01-28', '2017-01-23', 1, '48024307', '11186321Sa07'),
(2, '2017-01-23', '2017-01-23', 1, '48024307', '11186321Lu11'),
(3, '2017-01-23', '2017-01-23', 1, '48024307', '34586321Lu07'),
(4, '2017-01-23', '2017-01-23', 1, '48024307', '34586321Lu08');

-- --------------------------------------------------------

--
-- Estructura de tabla para la tabla `consultorios`
--

CREATE TABLE IF NOT EXISTS `consultorios` (
  `id` char(3) NOT NULL,
  `ubicacion` char(20) NOT NULL
) ENGINE=InnoDB DEFAULT CHARSET=latin1;

--
-- Volcado de datos para la tabla `consultorios`
--

INSERT INTO `consultorios` (`id`, `ubicacion`) VALUES
('101', 'PRI1'),
('102', 'PRIME'),
('103', 'PRIME'),
('104', 'PRIME'),
('105', 'PRIME'),
('201', 'SEGUN'),
('202', 'SEGUN'),
('203', 'SEGUN'),
('204', 'SEGUN'),
('205', 'SEGUN');

-- --------------------------------------------------------

--
-- Estructura de tabla para la tabla `escuelas_profesionales`
--

CREATE TABLE IF NOT EXISTS `escuelas_profesionales` (
  `id` char(2) NOT NULL,
  `nombre` varchar(50) NOT NULL
) ENGINE=InnoDB DEFAULT CHARSET=latin1;

--
-- Volcado de datos para la tabla `escuelas_profesionales`
--

INSERT INTO `escuelas_profesionales` (`id`, `nombre`) VALUES
('CI', 'INGENIERIA CIVIL'),
('CO', 'CONTABILIDAD'),
('DR', 'DERECHO Y CIENCIAS POLITICAS'),
('EO', 'ECONOMIA'),
('IN', 'INGENIERIA INFORMATICA Y DE SISTEMAS'),
('MC', 'INGENIERIA MECANICA'),
('MD', 'MEDICINA HUMANA'),
('OD', 'ODONTOLOGIA'),
('PS', 'PSICOLOGIA'),
('TU', 'TURISMO');

-- --------------------------------------------------------

--
-- Estructura de tabla para la tabla `especialidades`
--

CREATE TABLE IF NOT EXISTS `especialidades` (
  `codigo` char(3) NOT NULL,
  `nombre` varchar(100) NOT NULL,
  `habilitado` tinyint(1) NOT NULL,
  `consultorios_id` char(3) NOT NULL
) ENGINE=InnoDB DEFAULT CHARSET=latin1;

--
-- Volcado de datos para la tabla `especialidades`
--

INSERT INTO `especialidades` (`codigo`, `nombre`, `habilitado`, `consultorios_id`) VALUES
('CAR', 'CARDIOLOGIA', 0, '204'),
('DER', 'DERMATOLOGIA', 0, '203'),
('MEG', 'MEDICINA GENERAL', 0, '101'),
('MEI', 'MEDICINA INTERNA', 0, '205'),
('ODO', 'ODONTOLOGIA', 0, '202'),
('OFT', 'OFTALMOLOGIA', 0, '103'),
('OTO', 'OTORRINOLARINGOLOGIA', 0, '104'),
('PSI', 'PSIQUIATRIA', 0, '201'),
('TOP', 'TOPICO', 0, '102'),
('TRA', 'TRAUMATOLOGIA', 0, '105');

-- --------------------------------------------------------

--
-- Estructura de tabla para la tabla `historiales_medicos_detalles`
--

CREATE TABLE IF NOT EXISTS `historiales_medicos_detalles` (
  `id_historial_medico` varchar(8) NOT NULL,
  `estatura` double NOT NULL,
  `peso` double NOT NULL,
  `presion` varchar(10) NOT NULL,
  `fecha` date NOT NULL,
  `medicos_dni` char(8) NOT NULL
) ENGINE=InnoDB DEFAULT CHARSET=latin1;

--
-- Volcado de datos para la tabla `historiales_medicos_detalles`
--

INSERT INTO `historiales_medicos_detalles` (`id_historial_medico`, `estatura`, `peso`, `presion`, `fecha`, `medicos_dni`) VALUES
('12', 12, 12, '12', '2017-01-01', '11186321');

-- --------------------------------------------------------

--
-- Estructura de tabla para la tabla `historial_medico`
--

CREATE TABLE IF NOT EXISTS `historial_medico` (
  `id_historial_medico` varchar(8) NOT NULL,
  `cirugias` varchar(200) DEFAULT NULL,
  `alergias` varchar(200) DEFAULT NULL,
  `antecedentes` varchar(200) DEFAULT NULL,
  `tipo_sangre` varchar(5) DEFAULT NULL,
  `pacientes_dni` char(8) NOT NULL,
  `fecha_apertura` date DEFAULT NULL
) ENGINE=InnoDB DEFAULT CHARSET=latin1;

--
-- Volcado de datos para la tabla `historial_medico`
--

INSERT INTO `historial_medico` (`id_historial_medico`, `cirugias`, `alergias`, `antecedentes`, `tipo_sangre`, `pacientes_dni`, `fecha_apertura`) VALUES
('11', 'qq', 'qq', 'qq', 'qq', '12345678', '2017-02-01'),
('12', 'ee', 'ee', 'ee', 'ee', '12345678', '2017-01-01');

-- --------------------------------------------------------

--
-- Estructura de tabla para la tabla `medicos`
--

CREATE TABLE IF NOT EXISTS `medicos` (
  `dni` char(8) NOT NULL,
  `contraseña` varchar(30) NOT NULL,
  `codigo` char(6) NOT NULL,
  `nombres` varchar(100) NOT NULL,
  `apellidos` varchar(100) NOT NULL,
  `fecha_nacimiento` date NOT NULL,
  `sexo` varchar(9) NOT NULL,
  `telefono` char(9) DEFAULT NULL,
  `correo` varchar(50) NOT NULL,
  `direccion` varchar(100) NOT NULL,
  `especialidades_codigo` char(3) NOT NULL,
  `estado` varchar(15) NOT NULL
) ENGINE=InnoDB DEFAULT CHARSET=latin1;

--
-- Volcado de datos para la tabla `medicos`
--

INSERT INTO `medicos` (`dni`, `contraseña`, `codigo`, `nombres`, `apellidos`, `fecha_nacimiento`, `sexo`, `telefono`, `correo`, `direccion`, `especialidades_codigo`, `estado`) VALUES
('11186321', 'ABCDEF', 'ME0009', 'JIMMY', 'PEREZ', '1978-09-15', 'MASCULINO', '984651245', 'jim_01@gmail.com', 'AV. LOS ROBLES 111234', 'CAR', 'ACTIVO'),
('12386321', 'ABCDEF', 'ME0006', 'FIORELLA', 'FLORINDA', '1981-05-15', 'FEMENINO', '984651245', 'fio_01@gmail.com', 'AV. LOS ROBLES 21334', 'PSI', 'ACTIVO'),
('12586321', 'ABCDEF', 'ME0005', 'LUISA', 'LANE', '1986-05-15', 'FEMENINO', '945651245', 'luisa_01@gmail.com', 'AV. LOS TRONCOS 1234', 'TRA', 'ACTIVO'),
('22586321', 'ABCDEF', 'ME0010', 'MARIO', 'GAMARRA', '1987-11-15', 'MASCULINO', '984651245', 'rene_01@gmail.com', 'AV. LOS ROBLES 1234', 'MEI', 'ACTIVO'),
('33586321', '123456', 'ME0003', 'LUIS', 'PRADA', '1985-01-10', 'MASCULINO', '988651245', 'luis_01@gmail.com', 'AV. PRADO 324', 'OFT', 'ACTIVO'),
('34586321', 'ABCDEF', 'ME0008', 'AMANDA', 'RAMOS', '1988-12-15', 'FEMENINO', '984651245', 'amanda_01@gmail.com', 'AV. LOS ROBLES 22341', 'DER', 'ACTIVO'),
('47724455', '123456', 'warren', 'aroni', 'soto', '2017-01-11', 'm', '2489654', 'warren_as123@hotmail.com', 'gg', 'MEI', '1'),
('55586321', 'ABCDEF', 'ME0007', 'AGUSTO', 'DIAZ', '1968-05-15', 'MASCULINO', '945651245', 'agus_01@gmail.com', 'AV. LOS ROBLES 14', 'ODO', 'ACTIVO'),
('74586321', 'ABCDEF', 'ME0001', 'RENE', 'ESTRADA', '1978-05-15', 'MASCULINO', '984651245', 'rene_01@gmail.com', 'AV. LOS ROBLES 1234', 'MEG', 'ACTIVO'),
('74586345', 'AFHDSA', 'ME0002', 'LIDIA', 'MIRANDA', '1990-07-24', 'FEMENINO', '945651245', 'lidia_01@gmail.com', 'AV. LOS BOSQUES 234', 'TOP', 'ACTIVO'),
('77346321', 'ABCDE12', 'ME0004', 'DARIO', 'HUAMAN', '1968-05-15', 'MASCULINO', '98461545', 'dario_01@gmail.com', 'AV. LOS MANIS 1234', 'OTO', 'ACTIVO');

-- --------------------------------------------------------

--
-- Estructura de tabla para la tabla `migrations`
--

CREATE TABLE IF NOT EXISTS `migrations` (
  `migration` varchar(255) COLLATE utf8_unicode_ci NOT NULL,
  `batch` int(11) NOT NULL
) ENGINE=InnoDB DEFAULT CHARSET=utf8 COLLATE=utf8_unicode_ci;

--
-- Volcado de datos para la tabla `migrations`
--

INSERT INTO `migrations` (`migration`, `batch`) VALUES
('2014_10_12_000000_create_users_table', 1),
('2014_10_12_100000_create_password_resets_table', 1);

-- --------------------------------------------------------

--
-- Estructura de tabla para la tabla `pacientes`
--

CREATE TABLE IF NOT EXISTS `pacientes` (
  `dni` char(8) NOT NULL,
  `contraseña` varchar(30) NOT NULL,
  `apellidos` varchar(100) NOT NULL,
  `nombres` varchar(100) NOT NULL,
  `telefono` char(9) DEFAULT NULL,
  `correo` varchar(50) DEFAULT NULL,
  `direccion` varchar(100) NOT NULL,
  `estado` varchar(15) NOT NULL,
  `tipo_paciente` varchar(15) NOT NULL,
  `escuelas_profesionales_id` char(2) NOT NULL,
  `codigo` varchar(8) DEFAULT NULL,
  `fecha_nacimiento` date NOT NULL,
  `sexo` varchar(45) DEFAULT NULL
) ENGINE=InnoDB DEFAULT CHARSET=latin1;

--
-- Volcado de datos para la tabla `pacientes`
--

INSERT INTO `pacientes` (`dni`, `contraseña`, `apellidos`, `nombres`, `telefono`, `correo`, `direccion`, `estado`, `tipo_paciente`, `escuelas_profesionales_id`, `codigo`, `fecha_nacimiento`, `sexo`) VALUES
('12345678', 'ABCDEFG', 'SIMPSON', 'HOMERO', '987654125', 'homeroj@hotmail.com', 'AV. SIEMPRE VIVA 742', 'ACTIVO', 'ESTUDIANTE', 'IN', '112341', '1994-04-15', 'MASCULINO'),
('13455678', 'GFHGJRSA', 'PEREZ', 'PEDRO', '983654656', 'peperez@hotmail.com', 'AV. CESAR VALLEJO 234', 'INACTIVO', 'ESTUDIANTE', 'CI', '148652', '1995-09-24', 'MASCULINO'),
('22222222', 'ABC123', 'ESCOBAR', 'ELIAS', '987633547', 'eliase@hotmail.com', 'AV. GARCILASO 1242', 'ACTIVO', 'ESTUDIANTE', 'CO', '142341', '1995-08-18', 'MASCULINO'),
('43545678', 'AAESGFDG', 'BORDA', 'ALBERTO', '925345295', 'alberto@hotmail.com', 'JR. PERU 432', 'ACTIVO', 'ESTUDIANTE', 'IN', '145358', '1983-10-24', 'MASCULINO'),
('44445678', 'QWESGFDG', 'LOPEZ', 'LORENA', '925413647', 'lolo@hotmail.com', 'JR. BAJO EL PUENTE 555', 'ACTIVO', 'ESTUDIANTE', 'MD', '103658', '1994-01-01', 'FEMENINO'),
('44445769', 'QWGGGFDG', 'FERNANDEZ', 'LISETH', '989403596', 'liseth02@hotmail.com', 'AV. EJERCITO 543', 'INACTIVO', 'ESTUDIANTE', 'DR', '104372', '1990-01-18', 'FEMENINO'),
('48024307', '123456', 'torres', 'alicia', '237480', 'soledad.@gmail.com', 'ff', '1', 'estudiante', 'CI', '100516', '2017-01-10', 'm'),
('48765678', 'QWABCFDG', 'QUISPE', 'ROXANA', '982050844', 'roxi@hotmail.com', 'AV. URUGUAY 198', 'ACTIVO', 'ESTUDIANTE', 'CO', '110369', '1994-03-16', 'FEMENINO'),
('88335678', 'AAGFDSAG', 'HUAMAN', 'MATHIAS', '984654152', 'matihu@hotmail.com', 'JR. MACHUPICCHU 3134', 'INACTIVO', 'ESTUDIANTE', 'MC', '112541', '1993-10-25', 'MASCULINO'),
('94831111', 'SAGDGSD', 'VILLA', 'ANA', '984651236', 'anitav@hotmail.com', 'AV. INDUSTRIAL 245', 'ACTIVO', 'ESTUDIANTE', 'EO', '160041', '1996-12-20', 'FEMENINO'),
('98765432', 'LKMJNHBB', 'CHOQUE', 'MARIO', '984377931', 'mario1@hotmail.com', 'JR. QUILLABAMBA 122', 'ACTIVO', 'ESTUDIANTE', 'MD', '100129', '1994-01-10', 'MASCULINO'),
('a', 'a', 'a', 'a', 'a', 'a', 'a', 'a', 'a', 'CI', 'a', '2017-01-24', 'a');

-- --------------------------------------------------------

--
-- Estructura de tabla para la tabla `password_resets`
--

CREATE TABLE IF NOT EXISTS `password_resets` (
  `email` varchar(255) COLLATE utf8_unicode_ci NOT NULL,
  `token` varchar(255) COLLATE utf8_unicode_ci NOT NULL,
  `created_at` timestamp NULL DEFAULT NULL
) ENGINE=InnoDB DEFAULT CHARSET=utf8 COLLATE=utf8_unicode_ci;

-- --------------------------------------------------------

--
-- Estructura de tabla para la tabla `users`
--

CREATE TABLE IF NOT EXISTS `users` (
  `id` int(10) unsigned NOT NULL,
  `dni` varchar(255) COLLATE utf8_unicode_ci NOT NULL,
  `password` varchar(255) COLLATE utf8_unicode_ci NOT NULL,
  `remember_token` varchar(100) COLLATE utf8_unicode_ci DEFAULT NULL,
  `created_at` timestamp NULL DEFAULT NULL,
  `updated_at` timestamp NULL DEFAULT NULL,
  `tipo` varchar(255) COLLATE utf8_unicode_ci NOT NULL
) ENGINE=InnoDB AUTO_INCREMENT=6 DEFAULT CHARSET=utf8 COLLATE=utf8_unicode_ci;

--
-- Volcado de datos para la tabla `users`
--

INSERT INTO `users` (`id`, `dni`, `password`, `remember_token`, `created_at`, `updated_at`, `tipo`) VALUES
(1, '47724455', '$2y$10$zruPiB8y4SUm1.3yIiivPOHD.shRuUsuHBMDcvTSGAZfosvSVUgd.', 'BzHcSqFANNvsSYbDecHfc9y6PWh59dKGyoTWoFzzdX8YK2vWu334OVflDgiS', '2017-01-22 23:13:24', '2017-01-23 11:46:45', 'Medico'),
(3, '47724456', '$2y$10$qrExlsvEkPvJyTWG4cniYeNlghvVGIlUIj1tPZ0Dlji0vx.nisGGy', NULL, '2017-01-23 01:03:33', '2017-01-23 01:03:33', 'Medico'),
(4, '47724458', '$2y$10$qH8VZHCAm6ewha8Vt0ubr.Xtyfiu0lrkO6fbO8c2rLg7M8UXwI382', 'bC6B3IqWZXJ7sHJvj3idqoHWoZPt0IDf1Vs0wYN1RHyCLsMJVFtK1PeVnPTS', '2017-01-23 01:04:04', '2017-01-23 01:04:20', 'Medico'),
(5, '48024307', '$2y$10$WYiT8Ede/MvCpTROD82lEOMs3ChXUzCXZ48VHwi4dDhFhrjX6LNbC', 'Zyttxi4rHcICFafPNlJN0Ygjh9GIA2athnjG0i110AuuTlsR9vXip5jNpaaj', '2017-01-23 03:24:59', '2017-01-23 11:39:50', 'Paciente');

--
-- Índices para tablas volcadas
--

--
-- Indices de la tabla `bloques`
--
ALTER TABLE `bloques`
  ADD PRIMARY KEY (`idbloques`), ADD KEY `fk_bloques_medicos1_idx` (`medicos_dni`);

--
-- Indices de la tabla `citas`
--
ALTER TABLE `citas`
  ADD PRIMARY KEY (`id`), ADD KEY `fk_citas_pacientes1_idx` (`pacientes_dni`), ADD KEY `fk_citas_bloques1_idx` (`bloques_idbloques`);

--
-- Indices de la tabla `consultorios`
--
ALTER TABLE `consultorios`
  ADD PRIMARY KEY (`id`);

--
-- Indices de la tabla `escuelas_profesionales`
--
ALTER TABLE `escuelas_profesionales`
  ADD PRIMARY KEY (`id`);

--
-- Indices de la tabla `especialidades`
--
ALTER TABLE `especialidades`
  ADD PRIMARY KEY (`codigo`), ADD KEY `fk_especialidades_consultorios1_idx` (`consultorios_id`);

--
-- Indices de la tabla `historiales_medicos_detalles`
--
ALTER TABLE `historiales_medicos_detalles`
  ADD KEY `fk_historiales_medicos_detalles_historial_medico1_idx` (`id_historial_medico`), ADD KEY `fk_historiales_medicos_detalles_medicos1_idx` (`medicos_dni`);

--
-- Indices de la tabla `historial_medico`
--
ALTER TABLE `historial_medico`
  ADD PRIMARY KEY (`id_historial_medico`), ADD KEY `fk_historial_medico_pacientes1_idx` (`pacientes_dni`);

--
-- Indices de la tabla `medicos`
--
ALTER TABLE `medicos`
  ADD PRIMARY KEY (`dni`), ADD KEY `fk_medicos_especialidades1_idx` (`especialidades_codigo`);

--
-- Indices de la tabla `pacientes`
--
ALTER TABLE `pacientes`
  ADD PRIMARY KEY (`dni`), ADD KEY `fk_pacientes_escuelas_profesionales1_idx` (`escuelas_profesionales_id`);

--
-- Indices de la tabla `password_resets`
--
ALTER TABLE `password_resets`
  ADD KEY `password_resets_email_index` (`email`), ADD KEY `password_resets_token_index` (`token`);

--
-- Indices de la tabla `users`
--
ALTER TABLE `users`
  ADD PRIMARY KEY (`id`), ADD UNIQUE KEY `users_dni_unique` (`dni`);

--
-- AUTO_INCREMENT de las tablas volcadas
--

--
-- AUTO_INCREMENT de la tabla `citas`
--
ALTER TABLE `citas`
  MODIFY `id` int(17) NOT NULL AUTO_INCREMENT,AUTO_INCREMENT=5;
--
-- AUTO_INCREMENT de la tabla `users`
--
ALTER TABLE `users`
  MODIFY `id` int(10) unsigned NOT NULL AUTO_INCREMENT,AUTO_INCREMENT=6;
--
-- Restricciones para tablas volcadas
--

--
-- Filtros para la tabla `bloques`
--
ALTER TABLE `bloques`
ADD CONSTRAINT `fk_bloques_medicos1` FOREIGN KEY (`medicos_dni`) REFERENCES `medicos` (`dni`) ON DELETE NO ACTION ON UPDATE NO ACTION;

--
-- Filtros para la tabla `citas`
--
ALTER TABLE `citas`
ADD CONSTRAINT `fk_citas_bloques1` FOREIGN KEY (`bloques_idbloques`) REFERENCES `bloques` (`idbloques`) ON DELETE NO ACTION ON UPDATE NO ACTION,
ADD CONSTRAINT `fk_citas_pacientes1` FOREIGN KEY (`pacientes_dni`) REFERENCES `pacientes` (`dni`) ON DELETE NO ACTION ON UPDATE NO ACTION;

--
-- Filtros para la tabla `especialidades`
--
ALTER TABLE `especialidades`
ADD CONSTRAINT `fk_especialidades_consultorios1` FOREIGN KEY (`consultorios_id`) REFERENCES `consultorios` (`id`) ON DELETE NO ACTION ON UPDATE NO ACTION;

--
-- Filtros para la tabla `historiales_medicos_detalles`
--
ALTER TABLE `historiales_medicos_detalles`
ADD CONSTRAINT `fk_historiales_medicos_detalles_historial_medico1` FOREIGN KEY (`id_historial_medico`) REFERENCES `historial_medico` (`id_historial_medico`) ON DELETE NO ACTION ON UPDATE NO ACTION,
ADD CONSTRAINT `fk_historiales_medicos_detalles_medicos1` FOREIGN KEY (`medicos_dni`) REFERENCES `medicos` (`dni`) ON DELETE NO ACTION ON UPDATE NO ACTION;

--
-- Filtros para la tabla `historial_medico`
--
ALTER TABLE `historial_medico`
ADD CONSTRAINT `fk_historial_medico_pacientes1` FOREIGN KEY (`pacientes_dni`) REFERENCES `pacientes` (`dni`) ON DELETE NO ACTION ON UPDATE NO ACTION;

--
-- Filtros para la tabla `medicos`
--
ALTER TABLE `medicos`
ADD CONSTRAINT `fk_medicos_especialidades1` FOREIGN KEY (`especialidades_codigo`) REFERENCES `especialidades` (`codigo`) ON DELETE NO ACTION ON UPDATE NO ACTION;

--
-- Filtros para la tabla `pacientes`
--
ALTER TABLE `pacientes`
ADD CONSTRAINT `fk_pacientes_escuelas_profesionales1` FOREIGN KEY (`escuelas_profesionales_id`) REFERENCES `escuelas_profesionales` (`id`) ON DELETE NO ACTION ON UPDATE NO ACTION;

/*!40101 SET CHARACTER_SET_CLIENT=@OLD_CHARACTER_SET_CLIENT */;
/*!40101 SET CHARACTER_SET_RESULTS=@OLD_CHARACTER_SET_RESULTS */;
/*!40101 SET COLLATION_CONNECTION=@OLD_COLLATION_CONNECTION */;
